,,,,,,,,,,,,,,,,,TYPES [of each statement],,,Top 6 Representations
,,,,,,,,,,,,,,,,,Elaboration - the current statement is an extension and elaboration of another statement,,,
,,,,,,,,,Type,Relation,format [#<relation>-<Reqno>],,,,,,Condition - the statement is a presenting a condition on which another statement bases its action on ,,,
REQ_0001,1 Introduction,,,,,,,,Context,NONE,,,,,,,Consequence - the action to be taken based on a previous condition,,,
REQ_0002,2 General Description,,,,,,,,Context,NONE,,,,,,,Constraint - a statement which establishes bounds to the system,,,
REQ_0003,,2.1 <Not in the Scope>,,,,,,,Context,NONE,,,,,,,Action - a statement which established what needs to be done,,,
REQ_0004,,2.2 <Not in the Scope>,,,,,,,Context,NONE,,,,,,,Context - Scoping statement; not strictly a requirement type but provides scope,,,
REQ_0005,,2.3 <Not in the Scope>,,,,,,,Context,NONE,,,,,,, ,,,
REQ_0006,,2.4 <Not in the Scope>,,,,,,,Context,NONE,,,,,,, ,,,
REQ_0007,,2.5 <Not in the Scope>,,,,,,,Context,NONE,,,,,,,RELATIONS [between two statements],,,
REQ_0008,,2.6 <Not in the Scope>,,,,,,,Context,NONE,,,,,,,Unrelated - the statements are unrelated,,,
REQ_0009,,2.7 <Not in the Scope>,,,,,,,Context,NONE,,,,,,,Parallel - the two statements are considered at the same time,,,
REQ_0010,,2.8 <Not in the Scope>,,,,,,,Context,NONE,,,,,,,Series - the current statement is considered on after another statement,,,
REQ_0011,,2.9 General Software Requirements,,,,,,,Context,#subordinate-REQ_0002,,,,,,,Subordinate - current statement is below the other statement,,,
REQ_0012,,,2.9.1 Control Information Flow,,,,,,Context,#subordinate-REQ_0011,,,,,,,Superior - Current statement is above the other statement,,,
REQ_0013,,,,"These requirements apply to the commands and replies between sub-systems (including status information requests and replies), information flow to and from on-line databases,and commands and software for the IOCs.",,,,,Elaboration,#subordinate-REQ_0012,,,,,,,superior is not used as it might be redundant,,,
REQ_0014,,,,- Requirements,,,,,Context,#subordinate-REQ_0012,,,,,,,NONE,,,
REQ_0015,,,,"A.The syntax of control flow commands is to be consistent across the system, whether accessing workstation software or IOC software. See Section 3.2.5 on page 3-6.",,,,,Elaboration,#parallel-REQ_0155#subordinate-REQ_0012#parallel-REQ_0016#parallel-REQ_0017#parallel-REQ_0018#parallel-REQ_0019#parallel-REQ_0020,,,,,,,,,,
REQ_0016,,,,"B.All subsystems must respond to a common set of commands to test operational status, inquiries as to version, perform self-tests, etc. These common commands are described in Section 5.3 on page 5-2. All IOC subsystems must respond to additional common commands for such activities as start, stop, initialize, reset parameters, etc. These IOC common commands are described in Section 5.3 on page 5-2.",,,,,Action,#subordinate-REQ_0012#parallel-REQ_0015#parallel-REQ_0017#parallel-REQ_0018#parallel-REQ_0019#parallel-REQ_0020,,,,,,,,,,
REQ_0017,,,,"C.The support structure for communicating commands must be reliable, with a uniform ACK/NAK protocol adopted across all systems. Timeouts must be supported at approximately 500 msec.",,,,,"Condition,Constraint",#subordinate-REQ_0012#parallel-REQ_0015#parallel-REQ_0016#parallel-REQ_0018#parallel-REQ_0019#parallel-REQ_0020,,,,,,,,,,
REQ_0018,,,,"D.Handshaking of commands between IOCs must occur within 100-200 msec, signaling acceptance of each command.",,,,,Constraint,#subordinate-REQ_0012#parallel-REQ_0015#parallel-REQ_0016#parallel-REQ_0017#parallel-REQ_0019#parallel-REQ_0020,,,,,,,,,,
REQ_0019,,,,"E.For commands allowing delayed replies, timeouts for that reply must also be supported.",,,,,Elaboration,#subordinate-REQ_0012#parallel-REQ_0015#parallel-REQ_0016#parallel-REQ_0017#parallel-REQ_0018#parallel-REQ_0020,,,,,,,,,,
REQ_0020,,,,"F.Peak control information within the system is expected to be 100 TPS. This assumes bridging between communication sections, to isolate traffic in relevant sections only.",,,,,"Constraint,Context",#subordinate-REQ_0012#parallel-REQ_0015#parallel-REQ_0016#parallel-REQ_0017#parallel-REQ_0018#parallel-REQ_0019,,,,,,,,,,
REQ_0021,,,2.9.2 Astronomical dats flow,,,,,,Context,#subordinate-REQ_0011,,,,,,,,,,
REQ_0022,,,,"The following requirements apply to the control and transfer of astronomical data in all forms (science, engineering, reference, etc.)",,,,,Elaboration,#subordinate-REQ_0021,,,,,,,,,,
REQ_0023,,,2.9.2.1 Requirements,,,,,,Context,#subordinate-REQ_0021,,,,,,,,,,
REQ_0024,,,,A.Data flow. Data from detectors must be stored in the most effective method permitted by available technology. Astronomical data is often detector readout limited so that disk access and data transfer times are not significant. Maximum acceptable readout time for detector data is very dependent on detector type and size as well as the intended application:,,,,,Context,#subordinate-REQ_0023#parallel-REQ_0027#parallel-REQ_0028#parallel-REQ_0029#parallel-REQ_0030#parallel-REQ_0031,,,,,,,,,,
REQ_0025,,,,,"1. For focusing and related activities, maximum acceptable detector readout time is about 0.1 sec, though only a portion of the detector may be read during that time.",,,,Constraint,#subordinate-REQ_0024#parallel-REQ_0026,,,,,,,,,,
REQ_0026,,,,,"2. For mosaicked, large optical detectors, a full readout of the detector must be done in about 2 or 3 minutes.",,,,Constraint,#subordinate-REQ_0024#parallel-REQ_0025,,,,,,,,,,
REQ_0027,,,,"B.Concurrent data access and display. Since the Gemini system supports monitoring of operation, there must be the capability of providing multiple, simultaneous access to data. Data transfer between the virtual telescope system and attached workstations therefore imposes significant transfer requirements on the LAN. The LAN must support a transfer rate of 20-40 Mbits/second.",,,,,"Context,Constraint",#subordinate-REQ_0023#parallel-REQ_0024#parallel-REQ_0028#parallel-REQ_0029#parallel-REQ_0030#parallel-REQ_0031,,,,,,,,,,
REQ_0028,,,,"C.Data acquisition format. Data is normally acquired as uncompressed data, but may be compressed using a loss-less compression technique for transmission from the Gemini system or across the system LAN. The goal of compression is to minimize bandwidth impact on the LAN and WAN and to save space on removable media.For data that requires preprocessing, such as infrared detector data, only the preprocessed data is stored.",,,,,"Context,Condition",#subordinate-REQ_0023#parallel-REQ_0024#parallel-REQ_0027#parallel-REQ_0029#parallel-REQ_0030#parallel-REQ_0031,,,,,,,,,,
REQ_0029,,,,"D.Storage of data. Data from all instruments and detectors is stored as compressed data, using a standard format. There is a first level of storage within IOCs, to secure data in the event of link failures. A second level of storage is on the Gemini system data disk(s), possibly also on removable media. Quick-look data quality assessment is done using this level. Archiving of data is automatically done while in observing and maintenance level operation to the Gemini Archive subsystem. Shipping of data to a central archive follows later.",,,,,"Constraint,Action,Context",#subordinate-REQ_0023#parallel-REQ_0024#parallel-REQ_0027#parallel-REQ_0028#parallel-REQ_0030#parallel-REQ_0031,,,,,,,,,,
REQ_0030,,,,E.Data transmission format. Data is transmitted between Gemini and home Institutes using a FITS format and contains all header information provided with the data.,,,,,Constraint,#subordinate-REQ_0023#parallel-REQ_0024#parallel-REQ_0027#parallel-REQ_0028#parallel-REQ_0029#parallel-REQ_0031,,,,,,,,,,
REQ_0031,,,,"F.System-wide data capacity. The data capacity of the system is limited by transfer methods and technology, as well as archiving capacity on site. The system data capacity is capable of retaining 7 days of data produced by the largest instrument, the last 3 days of which must be available interactively from hard disk or similar medium.",,,,,"Constraint,Context",#subordinate-REQ_0023#parallel-REQ_0024#parallel-REQ_0027#parallel-REQ_0028#parallel-REQ_0029#parallel-REQ_0030,,,,,,,,,,
REQ_0032,,,2.9.3 Video Information Flow,,,,,,Context,#subordinate-REQ_0011,,,,,,,,,,
REQ_0033,,,,"Video information originates from target acquisition, guiding, and site monitoring cameras. The requirements for transferring video data are:",,,,,Context,#subordinate-REQ_0032,,,,,,,,,,
REQ_0034,,,,,"A.The system must allow for fast transmission of rough images every 0.5 sec. This may be assisted through the use of data-loss compression techniques (e.g. JPEG, MPEG, etc).",,,,"Constraint,Elaboration",#subordinate-REQ_0032#parallel-REQ_0035,,,,,,,,,,
REQ_0035,,,,,"B.In addition, there is the need for transmission of images matching the original resolution.This high-quality transmission must require less than 20 sec, and can only be assisted with loss-less compression.",,,,"Constraint,Elaboration",#subordinate-REQ_0032#parallel-REQ_0034,,,,,,,,,,
REQ_0036,,"2.10 Operation Privileges, Protections, and Procedures",,,,,,,Context,#subordinate-REQ_0002,,,,,,,,,,
REQ_0037,,,"To preserve the integrity of the system, there must be a system of privileges established at each operating level of the system. These privileges should be determined in a simple manner during logging into the system.",,,,,,Context,#subordinate-REQ_0036,,,,,,,,,,
REQ_0038,,,Protection against accidental interference is to be implemented using an Access Mode Allocation system that dynamically identifies and assigns resources as needed. Critical resources (those that can support only a restricted number of simultaneous uses) are assigned solely through this allocation system. The allocation system must ensure that the system cannot remain deadlocked with respect to this resource allocation. ,,,,,,"Constraint,Action,Condition,Context",#subordinate-REQ_0036,,,,,,,,,,
REQ_0039,,,"Finally, procedures must be implemented for convenience and system integrity, to simplify and codify common tasks. The tasks that require such procedures include:",,,,,,Context,#subordinate-REQ_0036,,,,,,,,,,
REQ_0040,,,,•Telescope start-up and shutdown.,,,,,Elaboration,#subordinate-REQ_0039#parallel-REQ_0041#parallel-REQ_0042#parallel-REQ_0043#parallel-REQ_0044#parallel-REQ_0045#parallel-REQ_0046,,,,,,,,,,
REQ_0041,,,,•Telescope system self-testing.,,,,,Elaboration,#subordinate-REQ_0039#parallel-REQ_0040#parallel-REQ_0042#parallel-REQ_0043#parallel-REQ_0044#parallel-REQ_0045#parallel-REQ_0046,,,,,,,,,,
REQ_0042,,,,•Instrument start-up and shut-down. This is not permitted to interfere with telescope operation.,,,,,Elaboration,#subordinate-REQ_0039#parallel-REQ_0040#parallel-REQ_0041#parallel-REQ_0043#parallel-REQ_0044#parallel-REQ_0045#parallel-REQ_0046,,,,,,,,,,
REQ_0043,,,,•Instrument self-testing and self-diagnosis This is not permitted to interfere with telescope operation.,,,,,Elaboration,#subordinate-REQ_0039#parallel-REQ_0040#parallel-REQ_0041#parallel-REQ_0042#parallel-REQ_0044#parallel-REQ_0045#parallel-REQ_0046,,,,,,,,,,
REQ_0044,,,,•Configuration and reconfiguration.,,,,,Elaboration,#subordinate-REQ_0039#parallel-REQ_0040#parallel-REQ_0041#parallel-REQ_0042#parallel-REQ_0043#parallel-REQ_0045#parallel-REQ_0046,,,,,,,,,,
REQ_0045,,,,•Dynamic reconfiguration of observing configuration (beam switching without restarting instruments and telescope).,,,,,Elaboration,#subordinate-REQ_0039#parallel-REQ_0040#parallel-REQ_0041#parallel-REQ_0042#parallel-REQ_0043#parallel-REQ_0044#parallel-REQ_0046,,,,,,,,,,
REQ_0046,,,,•The control software should know what subsystems are installed and their status at all times.,,,,,Elaboration,#subordinate-REQ_0039#parallel-REQ_0040#parallel-REQ_0041#parallel-REQ_0042#parallel-REQ_0043#parallel-REQ_0044#parallel-REQ_0045,,,,,,,,,,
REQ_0047,,2.11 General Performance and Reliability,,,,,,,Context,#subordinate-REQ_0002,,,,,,,,,,
REQ_0048,,,2.11.1 Capacity,,,,,,Context,#subordinate-REQ_0047,,,,,,,,,,
REQ_0049,,,,"The Gemini software should have no hard restrictions on the number of simultaneous users, but should allow for policy decisions that do restrict the amount of simultaneous access.",,,,,Constraint,#subordinate-REQ_0048,,,,,,,,,,
REQ_0050,,,2.11.2 Response time,,,,,,Context,#subordinate-REQ_0047,,,,,,,,,,
REQ_0051,,,,The response time requirements vary with the function. The appropriate limits are:,,,,,Context,#subordinate-REQ_0050,,,,,,,,,,
REQ_0052,,,,,"A.Every command must be accepted/rejected within 2 sec and before the corresponding action occurs. (This is different than the ACK/NAK response of the communications protocol - here, the target system must have examined the command and verified its validity.",,,,"Constraint,Context",#subordinate-REQ_0050#parallel-REQ_0053#parallel-REQ_0054#parallel-REQ_0055,,,,,,,,,,
REQ_0053,,,,,"B.Status display update must be within 4 sec at the local stations (certain functions, such as telescope position, may have tighter constraints). Remote station update response is given in the Requirements for Remote Operations section.",,,,Constraint,#subordinate-REQ_0050#parallel-REQ_0052#parallel-REQ_0054#parallel-REQ_0055,,,,,,,,,,
REQ_0054,,,,,C.Requests of subsystems for status information must be answered within 5 sec and be possible in maintenance level operation.,,,,Constraint,#subordinate-REQ_0050#parallel-REQ_0052#parallel-REQ_0053#parallel-REQ_0055,,,,,,,,,,
REQ_0055,,,,,D.Requirements for response times within the user interfaces are given in the User Interface requirements section.,,,,Context,#subordinate-REQ_0050#parallel-REQ_0052#parallel-REQ_0053#parallel-REQ_0054#parallel-REQ_0162,,,,,,,,,,
REQ_0056,,,2.11.3 Availability,,,,,,Context,#subordinate-REQ_0047,,,,,,,,,,
REQ_0057,,,,All software bugs should be logged and then fixed as soon as possible after detection. The goal is to have restart conditions occur only on hardware failure.,,,,,"Action,Context",#subordinate-REQ_0056,,,,,,,,,,
REQ_0058,,,,"Fault recovery, exception handling, fail-safe checks, etc. should be used to improve reliability.",,,,,"Action,Context",#subordinate-REQ_0056,,,,,,,,,,
REQ_0059,,2.12 Test and checkout requirements,,,,,,,Context,#subordinate-REQ_0002,,,,,,,,,,"Five-Structure Composite Model, FSM Path-Based Representation, 
Test Requirement Matrix, xUnit Test Cases, Protocol State Machines, 
Decision Tables"
REQ_0060,,,The telescope and instrument software shall contain built-in test (BIT) facilities to verify Gemini 8m Telescopes system and Gemini 8m Telescopes software performances.,,,,,,"Condition,Context",#subordinate-REQ_0059,,,,,,,,,,
REQ_0061,,,"Every Gemini 8m Telescopes software module shall have corresponding test specifications to check normal operation of releases, to be used both for acceptance tests and as an on-line test procedure.",,,,,,"Condition,Context",#subordinate-REQ_0059,,,,,,,,,,
REQ_0062,,,The Gemini 8m Telescopes control software shall also provide for execution of self-test sequences of the Gemini 8m Telescopes system and subsystems. These shall automatically exercise all subsystems present in a given operational configuration.,,,,,,"Condition,Context",#subordinate-REQ_0059,,,,,,,,,,"FSM Path-Based Representation, The W Method, Protocol State Machines, 
Message Sequence Charts, Petri Nets, Interface Automata"
REQ_0063,,,Regression tests should be a part of every Gemini 8m Telescopes software package.,,,,,,Condition,#subordinate-REQ_0059,,,,,,,,,,"Test Requirement Matrix, xUnit Test Cases, Feature Vectors & Distributions, 
Classification-Tree Method, FSM Path-Based Representation, 
Consumer-Driven Contract"
REQ_0064,,2.13 Contingencies,,,,,,,Context,#subordinate-REQ_0002,,,,,,,,,,"Test Requirement Matrix, Decision Tables, FSM Path-Based Representation, 
Protocol State Machines, Cause-Effect Graph, Use-Cases & User Stories"
REQ_0065,,,2.13.1 fault notification,,,,,,Context,#subordinate-REQ_0064,,,,,,,,,,"Decision Tables, Classification-Tree Method, Cause-Effect Graph, xUnit Test 
Cases, Test Requirement Matrix, Feature Vectors & Distributions"
REQ_0066,,,,"Subsystems must notify the user when faults occur. This notification must be specific as to origin and problem. The notification must also be capable of being electronically logged. It may also prove useful to have multiple levels of fault notification such as detailed, verbose, short, etc. to aid in tracking down problems.",,,,,"Action,Condition,Context",#subordinate-REQ_0065,,,,,,,,,,"Decision Tables, Classification-Tree Method, Cause-Effect Graph, xUnit 
Test Cases, Test Requirement Matrix, Feature Vectors & Distributions"
REQ_0067,,,2.13.2 fault tolerance,,,,,,Context,#subordinate-REQ_0064,,,,,,,,,,"FSM Path-Based Representation, Decision Tables, Use-Cases & 
User Stories, Protocol State Machines, Test Requirement Matrix, 
Cause-Effect Graph"
REQ_0068,,,,"Should a subsystem fail (e.g. one detector, one instrument) predefined procedures must exist to redefine the environment in such a way that operation can restart with the remaining equipment.",,,,,"Condition,Consequence",#subordinate-REQ_0067#parallel-REQ_0069#parallel-REQ_0070,,,,,,,,,,"FSM Path-Based Representation, Protocol State Machines, Decision Tables, 
Cause-Effect Graph, Use-Cases & User Stories, Test Requirement Matrix"
REQ_0069,,,,"In case of computer hardware failure concerning the user station equipment, it shall be possible to transfer control from one user station to another via a simple software reconfiguration procedure.",,,,,"Condition,Consequence,Constraint",#subordinate-REQ_0067#parallel-REQ_0068#parallel-REQ_0070,,,,,,,,,,"Finite State Machines/Statecharts, Use-Cases & User Stories, xUnit Test 
Cases, Protocol State Machines, Sequence Diagrams, Test Requirement Matrix"
REQ_0070,,,,"In the case of IOC failure, no transfer of control to another IOC will be possible, due to the local connections and interfaces to the control electronics. In this case there shall be a procedure to replace faulty cards and/or assemblies. If it is possible to observe with that particular IOC in a failed state (in general, this is limited to IOCs that are associated with individual scientific instruments) then it must be possible to reconfigure the system to do so.",,,,,"Condition,Consequence,Context",#subordinate-REQ_0067#parallel-REQ_0068#parallel-REQ_0069,,,,,,,,,,"Decision Tables, Classification-Tree Method, Cause-Effect Graph, 
FSM Path-Based Representation, Use-Cases & User Stories, Test Requirement Matrix"
REQ_0071,,,2.13.3 Redundancy,,,,,,Context,#subordinate-REQ_0064,,,,,,,,,,"Protocol State Machines, Transition Systems (S,T,I), Interface Automata, 
Decision Tables, Petri Nets, Test Requirement Matrix"
REQ_0072,,,,Full redundancy is not a requirement of the Gemini 8m Telescopes and it will be acceptable to have to replace units in case of failure.,,,,,Condition,#subordinate-REQ_0071#parallel-REQ_0073#parallel-REQ_0074#parallel-REQ_0075,,,,,,,,,,"Decision Tables, Use-Cases & User Stories, Test Requirement Matrix, Cause
-Effect Graph, Classification-Tree Method, Finite State Machines/Statecharts"
REQ_0073,,,,"There are subsystems which are relatively inexpensive to support as redundant systems, such as telescope control computers. For each area where redundancy is decided to be cost effective, procedures for switching to the backup system will be established. There is no requirement for automatic switching to the backup system.",,,,,"Context,Condition,Consequence,Constraint",#subordinate-REQ_0071#parallel-REQ_0072#parallel-REQ_0074#parallel-REQ_0075,,,,,,,,,,"Use-Cases & User Stories, Decision Tables, FSM Path-Based Representation, 
Protocol State Machines, Sequence Diagrams, Test Requirement Matrix "
REQ_0074,,,,"All communication shall be based on the use of standard communication protocols, where retry procedures are applied (a form of software redundancy) as part of the protocol.",,,,,Constraint,#subordinate-REQ_0071#parallel-REQ_0072#parallel-REQ_0073#parallel-REQ_0075,,,,,,,,,,"Protocol State Machines, Interface Automata, Sequence Diagrams, Message 
Sequence Charts, Temporal Logic (LTL), Transition Systems (S,T,I)"
REQ_0075,,,,Certain network concepts may be preferable as they offer intrinsic redundancy (e.g. double loops) and re-routing possibilities in case of node failures (single point failure protection).,,,,,Context,#subordinate-REQ_0071#parallel-REQ_0072#parallel-REQ_0073#parallel-REQ_0074,,,,,,,,,,"Petri Nets, Transition Systems (S,T,I), Interface Automata, Cause-Effect Graph, 
FSM Path-Based Representation, Temporal Logic (LTL)"
REQ_0076,,2.14 Constraints,,,,,,,Context,#subordinate-REQ_0002,,,,,,,,,,
REQ_0077,,,The Gemini system software is designed under the following constraints.,,,,,,Context,#subordinate-REQ_0076,,,,,,,,,,
REQ_0078,,,2.14.1 User constraints,,,,,,Context,#subordinate-REQ_0076,,,,,,,,,,"Use-Cases & User Stories, Decision Tables, Classification-Tree Method, Cause-
Effect Graph, GUI Event Graphs, Test Requirement Matrix"
REQ_0079,,,,"A.There should be no restrictions imposed by the software on users. Only policy decisions (permissions, access privileges, etc.) should prevent any user from accessing any part of the Gemini system from any local or remote station.",,,,,Constraint,#subordinate-REQ_0078#parallel-REQ_0080,,,,,,,,,,"Use-Cases & User Stories, Decision Tables, Classification-Tree Method, Cause
-Effect Graph, Goal-Oriented (KAOS/i*), Test Requirement Matrix "
REQ_0080,,,,"B.Similar functionality should be presented to the users using similar user interfaces. However, user interfaces should clearly reflect access modes and operating levels.",,,,,"Condtion,Constraint",#subordinate-REQ_0078#parallel-REQ_0079,,,,,,,,,,"GUI Event Graphs, Use-Cases & User Stories, Classification-Tree Method, 
Decision Tables, UML Testing Profile (UTP), Feature Vectors & Distributions"
REQ_0081,,,2.14.2 Hardware constraints,,,,,,Context,#subordinate-REQ_0076,,,,,,,,,,
REQ_0082,,,,Hardware constraints are covered in the individual chapters the Software Design Description.,,,,,Context,#subordinate-REQ_0081,~-out of scope reference,,,,,,,,,
REQ_0083,,,2.14.3 Software constraints,,,,,,Context,#subordinate-REQ_0076,,,,,,,,,,"Test Requirement Matrix, Use-Cases & User Stories, Consumer-Driven Contract, xUnit Test Cases,
 Decision Tables, Object Construction Graphs"
REQ_0084,,,,There are a number of general constraints placed on the Gemini Software. These are:,,,,,Context,#subordinate-REQ_0083,,,,,,,,,,
REQ_0085,,,,,"A.Commercial packages, off-the-shelf public domain software, and standards are to be used whenever feasible.",,,,Constraint,#subordinate-REQ_0083#parallel-REQ_0086#parallel-REQ_0087#parallel-REQ_0088#parallel-REQ_0089#parallel-REQ_0090#parallel-REQ_0091#parallel-REQ_0092#parallel-REQ_0093#parallel-REQ_0094#parallel-REQ_0095,,,,,,,,,,"Test Requirement Matrix, Use-Cases & User Stories, Consumer-Driven Contract, Decision
Tables, Domain-Specific DSLs, Object Construction Graphs"
REQ_0086,,,,,B.Existing external software will be integrated with the Gemini software. The interfaces involved in this integration are considered part of the Gemini software system.,,,,"Action,Context",#subordinate-REQ_0083#parallel-REQ_0085#parallel-REQ_0087#parallel-REQ_0088#parallel-REQ_0089#parallel-REQ_0090#parallel-REQ_0091#parallel-REQ_0092#parallel-REQ_0093#parallel-REQ_0094#parallel-REQ_0095,,,,,,,,,,"Consumer-Driven Contract, Interface Automata, Protocol State Machines, Object Construction 
Graphs, Sequence Diagrams, Test Requirement Matrix"
REQ_0087,,,,,C.All Gemini software is to be developed using standard methodologies and development environments. One of the goals of Gemini software is that all components be easily (preferably automatically) combined into an integrated system.,,,,"Constraint,Context",#subordinate-REQ_0083#parallel-REQ_0085#parallel-REQ_0086#parallel-REQ_0088#parallel-REQ_0089#parallel-REQ_0090#parallel-REQ_0091#parallel-REQ_0092#parallel-REQ_0093#parallel-REQ_0094#parallel-REQ_0095,,,,,,,,,,"Object Construction Graphs, Consumer-Driven Contract, Domain-Specific DSLs, Use-Cases & 
User Stories, xUnit Test Cases, Test Requirement Matrix"
REQ_0088,,,,,D.Gemini software developers should maintain accurate change logs showing software modifications as they are applied to the system software.,,,,Action,#subordinate-REQ_0083#parallel-REQ_0085#parallel-REQ_0086#parallel-REQ_0087#parallel-REQ_0089#parallel-REQ_0090#parallel-REQ_0091#parallel-REQ_0092#parallel-REQ_0093#parallel-REQ_0094#parallel-REQ_0095,,,,,,,,,,"Use-Cases & User Stories, Natural Language -> DSL, Decision Tables, xUnit Test Cases, 
Financial/Rule Tables, Test Requirement Matrix"
REQ_0089,,,,,E.Gemini software developers should adhere to a standard method for the reporting and recording of errors from both internal and external sources.,,,,Constraint,#subordinate-REQ_0083#parallel-REQ_0085#parallel-REQ_0086#parallel-REQ_0087#parallel-REQ_0088#parallel-REQ_0090#parallel-REQ_0091#parallel-REQ_0092#parallel-REQ_0093#parallel-REQ_0094#parallel-REQ_0095,,,,,,,,,,"Cause-Effect Graph, Decision Tables, xUnit Test Cases, Natural Language -> DSL, Use-Cases &
 User Stories, Test Requirement Matrix"
REQ_0090,,,,,"F.Gemini software should be developed in evolutionary fashion, using the CVS version control system.",,,,Constraint,#subordinate-REQ_0083#parallel-REQ_0085#parallel-REQ_0086#parallel-REQ_0087#parallel-REQ_0088#parallel-REQ_0089#parallel-REQ_0091#parallel-REQ_0092#parallel-REQ_0093#parallel-REQ_0094#parallel-REQ_0095,,,,,,,,,,"Use-Cases & User Stories, Object Construction Graphs, Decision Tables, xUnit Test Cases, 
Consumer-Driven Contract, Test Requirement Matrix"
REQ_0091,,,,,"G.All Gemini subsystem packages should include as part of the software both a simulator module for inclusion in the virtual telescope (see Design constraints, below), and user interface modules for the user interface environments that the subsystem will be operating in. The interfaces required of these user interface modules are described in Section 3.3 on page 3-6.",,,,"Constraint,Context",#subordinate-REQ_0083#parallel-REQ_0085#parallel-REQ_0086#parallel-REQ_0087#parallel-REQ_0088#parallel-REQ_0089#parallel-REQ_0090#parallel-REQ_0092#parallel-REQ_0093#parallel-REQ_0094#parallel-REQ_0095#parallel-REQ_0161,,,,,,,,,,"Object Construction Graphs, Interface Automata, Consumer-Driven Contract, Protocol State 
Machines, Use-Cases & User Stories, Test Requirement Matrix"
REQ_0092,,,,,"H.All Gemini software is to be fully documented, internally with appropriate comments, and external documentation. External documentation must include Unix-style man pages.",,,,"Action,Constraint",#subordinate-REQ_0083#parallel-REQ_0085#parallel-REQ_0086#parallel-REQ_0087#parallel-REQ_0088#parallel-REQ_0089#parallel-REQ_0090#parallel-REQ_0091#parallel-REQ_0093#parallel-REQ_0094#parallel-REQ_0095,,,,,,,,,,"Test Requirement Matrix, Use-Cases & User Stories, Decision Tables, xUnit Test Cases, Natural 
Language -> DSL, Classification-Tree Method"
REQ_0093,,,,,I.All Gemini subsystem packages must provide modules for the testing and diagnosis of the subsystem.,,,,Constraint,#subordinate-REQ_0083#parallel-REQ_0085#parallel-REQ_0086#parallel-REQ_0087#parallel-REQ_0088#parallel-REQ_0089#parallel-REQ_0090#parallel-REQ_0091#parallel-REQ_0092#parallel-REQ_0094#parallel-REQ_0095,,,,,,,,,,"xUnit Test Cases, Decision Tables, Classification-Tree Method, FSM Path-Based Representation,
 Cause-Effect Graph, Test Requirement Matrix"
REQ_0094,,,,,J.All instrumentation control software must provide full access to all instrument functionality. It is likely that different user interface modules (see above) would present different portions of this functionality to the user. The information required of each interface module is found in the Functional Requirements specifications for each instrument.,,,,Constraint,#subordinate-REQ_0083#parallel-REQ_0085#parallel-REQ_0086#parallel-REQ_0087#parallel-REQ_0088#parallel-REQ_0089#parallel-REQ_0090#parallel-REQ_0091#parallel-REQ_0092#parallel-REQ_0093#parallel-REQ_0095,,,,,,,,,,"Use-Cases & User Stories, GUI Event Graphs, Classification-Tree Method, Feature Vectors & 
Distributions, Decision Tables, Test Requirement Matrix"
REQ_0095,,,,,"K.All Gemini software must be version labeled, both in source and binary form. The version information is to be retrievable from executing software via control commands.",,,,Action,#subordinate-REQ_0083#parallel-REQ_0085#parallel-REQ_0086#parallel-REQ_0087#parallel-REQ_0088#parallel-REQ_0089#parallel-REQ_0090#parallel-REQ_0091#parallel-REQ_0092#parallel-REQ_0093#parallel-REQ_0094,,,,,,,,,,"xUnit Test Cases, Protocol State Machines, Natural Language -> DSL, Sequence Diagrams, 
Decision Tables, Test Requirement Matrix"
REQ_0096,,,2.14.4 Design constraints,,,,,,Context,#subordinate-REQ_0076,,,,,,,,,,"Interface Automata, Protocol State Machines, Consumer-Driven Contract, Test Requirement Matrix, 
Cause-Effect Graph, Finite State Machines/Statecharts"
REQ_0097,,,,"A.There are different requirements for software running on different layers. For example, strict real-time control is restricted to the IOC layer.",,,,,Context,#subordinate-REQ_0096,,,,,,,,,,"Finite State Machines/Statecharts, Temporal Logic (LTL), Protocol State Machines,
 Transition Systems (S,T,I), Classification-Tree Method, Test Requirement Matrix"
REQ_0098,,,,"B.Also, the use of a virtual-telescope model in the Gemini system means that the integrated system can be tested and developed independently of the target hardware. This is useful not only in the use of the telescope simulator during science planning, but in maintenance and testing as well. Therefore all hardware subsystems must provide a software simulation module (as stated earlier) that responds in reasonable fashion to commands directed at that hardware. This simulation may require a standard environment, such as VxWorks, EPICS, and VME crate/cpu, but it cannot require any hardware specific to the application.",,,,,Constraint,#subordinate-REQ_0096,,,,,,,,,,"Interface Automata, Protocol State Machines, Consumer-Driven Contract, xUnit Test Cases, 
Object Construction Graphs, Test Requirement Matrix"
REQ_0099,,,,"C.Gemini subsystem should be as self-contained and autonomous as possible, thereby decreasing the functional width of the interface to the rest of the Gemini system.",,,,,Constraint,#subordinate-REQ_0096,,,,,,,,,,"Interface Automata, Consumer-Driven Contract, Cause-Effect Graph, Classification-Tree Method, 
Use-Cases & User Stories, Test Requirement Matrix"
REQ_0100,,,,D.No subsystem package should make any assumptions about the surrounding environment beyond that provided in the interface specifications.,,,,,Constraint,#subordinate-REQ_0096,,,,,,,,,,"Interface Automata, Consumer-Driven Contract, Symbolic Path Conditions, Decision Tables, 
Cause-Effect Graph, Test Requirement Matrix"
REQ_0101,3 General Requirements,,,,,,,,Context,NONE,,,,,,,,,,
REQ_0102,,3.1 Data specifications,,,,,,,Context,#subordinate-REQ_0101,,,,,,,,,,
REQ_0103,,,The final purpose of the Gemini 8m Telescopes software is the acquisition of astronomical data in digital form in the most efficient way.,,,,,,Context,#subordinate-REQ_0102,,,,,,,,,,
REQ_0104,,,"To achieve this, many other data concerning the telescope and instruments (parameters) and control commands will have to be exchanged between different processing units in order to setup and control telescope and instruments. Additionally, video and voice data are also necessary (for example, field monitors).",,,,,,"Context,Elobaration",#subordinate-REQ_0103,,,,,,,,,,
REQ_0105,,,3.1.1 Control information flow,,,,,,Context,#subordinate-REQ_0102,,,,,,,,,,"Protocol State Machines, Temporal Logic (LTL), Test Requirement Matrix, Sequence Diagrams, 
Cause-Effect Graph, Decision Tables
"
REQ_0106,,,,"Control information must be transferred, typically in the form of commands and replies from users, to telescope and instruments. Replies might contain status information and, in general, data concerning instruments and telescopes, to be stored together with the astronomical data.",,,,,"Action,Constraint",#subordinate-REQ_0105#parallel-REQ_0107#parallel-REQ_0108#parallel-REQ_0109#parallel-REQ_0110#parallel-REQ_0111#parallel-REQ_0112,,,,,,,,,,"Use-Cases & User Stories, Sequence Diagrams, Message Sequence Charts, Protocol State
Machines, Natural Language -> DSL, Test Requirement Matrix"
REQ_0107,,,,"Control information on all controlled variables must be provided by all subsystems on request. No request for information shall produce a delay of control activities or locking, even if the corresponding equipment is not available or faulty.",,,,,"Action,Constraint",#subordinate-REQ_0105#parallel-REQ_0106#parallel-REQ_0108#parallel-REQ_0109#parallel-REQ_0110#parallel-REQ_0111#parallel-REQ_0112,,,,,,,,,,"Decision Tables, Cause-Effect Graph, FSM Path-Based Representation, Protocol State Machines, 
Temporal Logic (LTL), Test Requirement Matrix"
REQ_0108,,,,"Delay times for the exchange of control information must stay within precise time limits to be defined in “General Description” in Chapter 2. One can afford to retransmit commands in case of transmission error or collision, but the protocol has to be predictable in that commands cannot get lost and replies have to come back reliably.",,,,,"Constraint,Context",#subordinate-REQ_0105#parallel-REQ_0106#parallel-REQ_0107#parallel-REQ_0109#parallel-REQ_0110#parallel-REQ_0111#parallel-REQ_0112,~-out of scope reference,,,,,,,,,"Temporal Logic (LTL), Protocol State Machines, Transition Systems (S,T,I), Interface Automata,
 Message Sequence Charts, Test Requirement Matrix
"
REQ_0109,,,,"In a number of cases, synchronization with the Time Reference System at the Gemini 8m Telescopes site is also necessary.",,,,,Condition,#subordinate-REQ_0105#parallel-REQ_0106#parallel-REQ_0107#parallel-REQ_0108#parallel-REQ_0110#parallel-REQ_0111#parallel-REQ_0112,,,,,,,,,,"Sequence Diagrams, Protocol State Machines, Temporal Logic (LTL), Transition Systems (S,T,I), 
Use-Cases & User Stories, Test Requirement Matrix"
REQ_0110,,,,"Access to control parameters, telescope and instrument information for monitoring or other use makes a significant contribution to the control flow, and may be logged at quite high rates for short periods (i.e. up to 200 Hz for some information).",,,,,Action,#subordinate-REQ_0105#parallel-REQ_0106#parallel-REQ_0107#parallel-REQ_0108#parallel-REQ_0109#parallel-REQ_0111#parallel-REQ_0112,,,,,,,,,,"Feature Vectors & Distributions, xUnit Test Cases, Decision Tables, Classification-Tree Method, 
Concolic Testing, Test Requirement Matrix"
REQ_0111,,,,"It is explicitly required that all such information is available to the Gemini 8m Telescopes software and is capable of being available to all users of the Gemini 8m Telescopes, subject only to restrictions with respect to updating. It must also be possible to restrict user access to such information.",,,,,Constraints,#subordinate-REQ_0105#parallel-REQ_0106#parallel-REQ_0107#parallel-REQ_0108#parallel-REQ_0109#parallel-REQ_0110#parallel-REQ_0112,,,,,,,,,,"Decision Tables, Classification-Tree Method, Use-Cases & User Stories, Cause-Effect Graph, 
Financial/Rule Tables, Test Requirement Matrix"
REQ_0112,,,,"In particular also, the meteorological information coming from a weather station should be available centrally.",,,,,Constraint,#subordinate-REQ_0105#parallel-REQ_0106#parallel-REQ_0107#parallel-REQ_0108#parallel-REQ_0109#parallel-REQ_0110#parallel-REQ_0111,,,,,,,,,,"Use-Cases & User Stories, Consumer-Driven Contract, Sequence Diagrams, Interface Automata, 
Natural Language -> DSL, Test Requirement Matrix"
REQ_0113,,,3.1.2 Astronamical data flow,,,,,,Context,#subordinate-REQ_0102,,,,,,,,,,
REQ_0114,,,,3.1.2.1 Data flow,,,,,Context,#subordinate-REQ_0113,,,,,,,,,,
REQ_0115,,,,,"Detector data must be acquired and stored in the most effective way technology will allow; effectiveness should be evaluated in terms of cost, space requirements, longevity, and speed. This shall lead to the definition of a Gemini 8m Telescopes standard, used on all instruments. In general, operational overheads must be kept as low as possible, to maximize actual observing times.",,,,"Action,Constraint,Context",#subordinate-REQ_0114#parallel-REQ_0116#parallel-REQ_0117,,,,,,,,,,
REQ_0116,,,,,"Intermediate storage of raw data in memory on different nodes and in different formats should be kept to a minimum. However, there must be at least two copies - one to secure data as acquired and one to do assessment of data quality on-line (this last copy preferably on removable media).",,,,Constraint,#subordinate-REQ_0114#parallel-REQ_0115#parallel-REQ_0117,,,,,,,,,,
REQ_0117,,,,,The link chosen to transfer data should represent as small a bottleneck as possible for data acquisition.,,,,Constraint,#subordinate-REQ_0114#parallel-REQ_0115#parallel-REQ_0116,,,,,,,,,,
REQ_0118,,,,3.1.2.2 Format of data acquisition,,,,,Context,#subordinate-REQ_0113,,,,,,,,,,
REQ_0119,,,,,"Normally, raw data will be acquired and stored as such for quick look evaluations. There might, however, be cases (for example, infrared detectors) where fast preprocessing is needed and where, therefore, raw data will not be stored as such, but in a preprocessed format.",,,,Context,#subordinate-REQ_0118,,,,,,,,,,
REQ_0120,,,,3.1.2.3 Transport Data Format,,,,,Context,#subordinate-REQ_0113,,,,,,,,,,
REQ_0121,,,,,"Astronomical data will have to be transported between GEMINI and the home institutes of visiting astronomers in FITS format (as defined by NOST 100-1.0, “Definition of the Flexible Image Transport System (FITS)”, NASA Science Office of Standards and Technology).",,,,Constraint,#subordinate-REQ_0120,~-out of scope reference,,,,,,,,,
REQ_0122,,,3.1.3 Other Information Flow,,,,,,Context,#subordinate-REQ_0102,,,,,,,,,,
REQ_0123,,,,"TV data concerning site monitoring and voice need to be capable of being available at all operations facilities. It will be a question of interfacing and bandwidth costs whether such information is actually available at a specific location. It is not a requirement that point to point video be available between Gemini 8m Telescopes operations facilities. It is a requirement that voice connectivity, perhaps point to point, be available on a permanent connection.",,,,,"Constraint,Context",#subordinate-REQ_0122#parallel-REQ_0124,,,,,,,,,,
REQ_0124,,,,"Other astronomical information such as that coming from sky field monitors, autoguider cameras and sky monitoring devices such as cloud and seeing monitors shall also be capable of being available.",,,,,Constraint,#subordinate-REQ_0122#parallel-REQ_0123,,,,,,,,,,
REQ_0125,,3.2 Operation,,,,,,,Context,#subordinate-REQ_0101,,,,,,,,,,
REQ_0126,,,3.2.1 Operation Levels,,,,,,Context,#subordinate-REQ_0125,,,,,,,,,,
REQ_0127,,,,"Operation of telescope, instruments and subsystems can be carried out at three different levels. There will be parameters associated with each level of operation which define the status of the system and / or control the system. The specific access by different types of users to particular parameters of the different levels are given in Section 2.5.8 on page 2- 5.",,,,,,,,,,,,,,,,
REQ_0128,,,,3.2.1.1 Observing level,,,,,Context,#subordinate-REQ_0126,,,,,,,,,,
REQ_0129,,,,,"This is the normal operational mode. It allows a certain number of embedded tests, normally at a fairly high level. Monitoring is also done at this level.",,,,,,,,,,,,,,,
REQ_0130,,,,,It is anticipated that all user categories have access to this level.,,,,,,,,,,,,,,,
REQ_0131,,,,3.2.1.2 Maintenance level,,,,,Context,#subordinate-REQ_0126,,,,,,,,,,
REQ_0132,,,,,"This allows maintenance tables (for example, with instrument parameters) to be updated.",,,,,,,,,,,,,,,
REQ_0133,,,,,It is anticipated that the majority of parameters at this level will be accessed by operations and development staff.,,,,,,,,,,,,,,,
REQ_0134,,,,3.2.1.3 Test level,,,,,Context,#subordinate-REQ_0126,,,,,,,,,,
REQ_0135,,,,,This allows the installation and testing of new packages or new releases. Any low level test can be performed in this mode.,,,,,,,,,,,,,,,
REQ_0136,,,,,"It shall be possible to update all non-protected parameter values, i.e. those not used by operations at observing level.",,,,,,,,,,,,,,,
REQ_0137,,,,,Access to this level will be extremely limited.,,,,,,,,,,,,,,,
REQ_0138,,,3.2.2 Privilege and protection levels,,,,,,Context,#subordinate-REQ_0125,,,,,,,,,,
REQ_0139,,,,Privileges and protections are also important parameters to define user operations.,,,,,,,,,,,,,,,,
REQ_0140,,,,3.2.2.1 Privileges,,,,,Context,#subordinate-REQ_0138,,,,,,,,,,
REQ_0141,,,,,"A further subdivision within the levels can be achieved by implementing privileges associated with categories of users or with the location of the user station (local or remote). For example some users might only be allowed monitoring, as a subsystem is in use by someone else.",,,,,,,,,,,,,,,
REQ_0142,,,,3.2.2.2 Protections,,,,,Context,#subordinate-REQ_0138,,,,,,,,,,
REQ_0143,,,,,Protections must also be enforced (see also Security in Section 3.5.6 on page 3- 20) among users and the operational software should indicate clearly to users the current operation level and check the compatibility between subsystems in different modes.,,,,,,,,,,,,,,,
REQ_0144,,,3.2.3 Capacity,,,,,,Context,#subordinate-REQ_0125,,,,,,,,,,
REQ_0145,,,,"The capacity of the system can be expressed in terms of nodes, which is defined as the number of workstations, or in terms of users, which is defined as the sum total of users at all the nodes. The capacity requirements will be expressed in terms of nodes.",,,,,,,,,,,,,,,,
REQ_0146,,,,Each node will have the capability to run at all operation levels.,,,,,,,,,,,,,,,,
REQ_0147,,,,"When the Gemini 8m Telescopes telescope is used in its normal observing mode, there will be a single operator node for the telescope and two data acquisition and instrument control nodes.",,,,,,,,,,,,,,,,
REQ_0148,,,,"Some tests might be run in parallel on instruments that do not have the light beam at that moment, so in principle additional nodes might be working at the same time. The system will provide for one auxiliary data acquisition and instrument control nodes.",,,,,,,,,,,,,,,,
REQ_0149,,,,"In addition, the system must support off-site observing modes. The system will provide for a single off-site data acquisition and instrument control node - to be located at either the Gemini 8m Telescopes Site Support or Base Facility.",,,,,,,,,,,,,,,,
REQ_0150,,,,"One supervisor will monitor the system, and other users might need to monitor the running of observing programs, locally or remotely. The system will provide for a single local monitoring node and a single remote monitoring node.",,,,,,,,,,,,,,,,
REQ_0151,,,,"As a conclusion, the Gemini 8m Telescopes control software shall allow simultaneous operation of up to six active control nodes and up to two more monitoring nodes (one local and one remote) without appreciable degradation of performance.",,,,,,,,,,,,,,,,
REQ_0152,,,,"In practice the operation and facilities foreseen so far for the Gemini 8m Telescopes will limit this number to a maximum in the order of three active nodes, but the Gemini 8m Telescopes computers and software shall be capable of coping with the load of 10 active nodes, should the case arise.",,,,,,,,,,,,,,,,
REQ_0153,,,3.2.4 Performance criteria,,,,,,Context,#subordinate-REQ_0125,,,,,,,,,,
REQ_0154,,,,This section is intentionally kept at the level of performance criteria rather than response times (found in Section 2.11.2 on page 2- 22). Every command must be acknowledged in a positive or negative way before the occurrence of the corresponding action within given response times.,,,,,,,,,,,,,,,,
REQ_0155,,,3.2.5 Procedures,,,,,,Context,#subordinate-REQ_0125,,,,,,,,,,
REQ_0156,,,,There must be automatic procedures to implement startup and shutdown of the telescope and instruments. These must allow startup and shutdown of instruments independently of the telescope and without affecting the telescope operation.,,,,,,,,,,,,,,,,
REQ_0157,,,,"Reconfiguration procedures must exist, to change the observing environment.",,,,,,,,,,,,,,,,
REQ_0158,,,,"The definition of the observing environments must be dynamic, i.e. feasible during operations without the need to restart everything. The same applies to the related light path.",,,,,,,,,,,,,,,,
REQ_0159,,,,"Operations staff have privileges to change the environment, meaning selecting a suitable combination of instruments.",,,,,,,,,,,,,,,,
REQ_0160,,,,The operational software should know which subsystems are installed and operational at any given time.,,,,,,,,,,,,,,,,
REQ_0161,,3.3 External interface requirements,,,,,,,Context,#subordinate-REQ_0101,,,,,,,,,,
REQ_0162,,,3.3.1 User Interfaces (UIF),,,,,,Context,#subordinate-REQ_0161,,,,,,,,,,
REQ_0163,,,,"The user interface defines the way users see the Gemini 8m Telescopes system. Given the large number of instruments, there can be many different stations which are active at the same time. It is essential for operational and maintenance reasons that, in spite of the obvious differences of the setups and commands available, the same philosophy is applied throughout. This calls for a homogeneous user interface, which can be achieved only by applying the same user interface tools to the whole project, providing the Gemini 8m Telescopes user interface's ‘look and feel’.",,,,,,,,,,,,,,,,
REQ_0164,,,,"The user interface should not be seen as a package linked to a specific computer. Given the requirement to be able to access the Gemini 8m Telescopes from several points, the user interface should rather be seen as a package to be callable from a large number of stations, depending on where a user is. It should also be network transparent so that it does not matter where it is being run.",,,,,,,,,,,,,,,,
REQ_0165,,,,"The user interface tools shall be based on standards, defined in Section 4.2.5 on page 4- 7, which will be portable across different computer hardware platforms (Portable User Interface Toolkit). The intent of a portability requirement is to facilitate migrating existing and future Gemini systems to different hardware as the need arises. It is the current intent to limit the selection of computer hardware platforms to as few as is practical.",,,,,,,,,,,,,,,,
REQ_0166,,,3.3.2 Hardware interfaces,,,,,,Context,#subordinate-REQ_0161,,,,,,,,,,
REQ_0167,,,,Main processor computer hardware requirements will be defined in the Hardware constraints (see Section 3.4.2 on page 3- 12).,,,,,,,,,,,,,,,,
REQ_0168,,,,"This section deals instead with external hardware interfaces, namely the ones from the microprocessors to the control electronics. The definition of these terms is as follows:",,,,,,,,,,,,,,,,
REQ_0169,,,,,•main processors - these are the computers with which the user interacts,,,,,,,,,,,,,,,
REQ_0170,,,,,•control electronics - these are the computers controlling the instruments,,,,,,,,,,,,,,,
REQ_0171,,,,,"•microprocessors - these are computers embedded in the instrument (for instance a DSP or transputer required for array control functions, or special purpose controllers for the primary mirror support actuators).",,,,,,,,,,,,,,,
REQ_0172,,,,"Standard interfaces to the control electronics shall be available, in the form of:",,,,,,,,,,,,,,,,
REQ_0173,,,,,•standard bus systems,,,,,,,,,,,,,,,
REQ_0174,,,,,•a standard set of interface cards to be used on all the subsystems and instruments,,,,,,,,,,,,,,,
REQ_0175,,,,,•a standard software skeleton running on the control electronics,,,,,,,,,,,,,,,
REQ_0176,,,,"The existence of hardware standards is clearly essential for maintenance and repairs. It is also essential to avoid software duplication, and to simplify the Gemini 8m Telescopes software. Microprocessor software in particular tends to contain hardware specific software, though one should try to keep it as hardware independent as possible, isolating different software layers.",,,,,,,,,,,,,,,,
REQ_0177,,,,The standard software must be adequate for the real-time requirements and must offer drivers to the standard electronics to be used on all the Gemini 8m Telescopes software subsystems and instruments.,,,,,,,,,,,,,,,,
REQ_0178,,,,Links between electronics interfaces and main processors must meet the requirements imposed by the data specifications (see Section 3.1 on page 3- 1).,,,,,,,,,,,,,,,,
REQ_0179,,,3.3.3 Software interfaces,,,,,,Context,#subordinate-REQ_0161,,,,,,,,,,
REQ_0180,,,,"The Gemini 8m Telescopes software covers all aspects of control and data acquisition related to the telescope, instruments, and auxiliary instrumentation.",,,,,,,,,,,,,,,,
REQ_0181,,,,"It also covers all the operational aspects of the Gemini 8m Telescopes, including on-line scheduling and rescheduling.",,,,,,,,,,,,,,,,
REQ_0182,,,,"There is also software which, although it will be interfaced to the Gemini 8m Telescopes, is referred to as external. The external software consists of:",,,,,,,,,,,,,,,,
REQ_0183,,,,,•commercial software integrated into the Gemini 8m Telescopes software (e.g. DBMS),,,,,,,,,,,,,,,
REQ_0184,,,,,"•preexisting software used in the Gemini 8m Telescopes (e.g. image processing systems, star catalogues)",,,,,,,,,,,,,,,
REQ_0185,,,,,•software associated with visitor instrumentation,,,,,,,,,,,,,,,
REQ_0186,,,,,"•embedded software dedicated to hardware control, but not communicating on-line with the other Gemini 8m Telescopes software (in general this would be microprocessor code)",,,,,,,,,,,,,,,
REQ_0187,,,,The Gemini 8m Telescopes software must interface to the external software and clearly the interfaces are fully part of the Gemini 8m Telescopes software.,,,,,,,,,,,,,,,,
REQ_0188,,,,3.3.3.1 on-line image processing interfaces,,,,,Context,#subordinate-REQ_0179,,,,,,,,,,
REQ_0189,,,,,"In order to make efficient use of the telescope, to support different observing modes, and to support the versatility requirements, some form of on-line image (or pixel) quick-look analysis is required. The following statements are proposed:",,,,,,,,,,,,,,,
REQ_0190,,,,,"“It shall be possible to monitor the quality (image quality, spectral resolution, signal to noise, etc.) of the astronomical data as it comes in.",,,,,,,,,,,,,,,
REQ_0191,,,,,"Standard reduction procedures should be available for basic on-line calibrations of the observed data. Ultimately, one would like to have fully reduced and calibrated data at the end of the observations. Advanced pipeline procedures might make this feasible, at least for observations of a standard nature.”",,,,,,,,,,,,,,,
REQ_0192,,,,,The above statements define the goal of quick-look analysis for the Gemini 8m Telescopes.,,,,,,,,,,,,,,,
REQ_0193,,,,,"Quick-look data processing should be provided on the Gemini 8m Telescopes, with procedures suitable for fast on-line data preprocessing. A prerequisite for this is that acquired data are made available as directly as possible in a common format, and that all additional data related to an exposure and logging information are made available on-line at the same time.",,,,,,,,,,,,,,,
REQ_0194,,,,,"Quick-look should be usable within exposure sequences to provide results and feedback parameters to the control software in a programmed way, without the need for manual intervention. This document does not try to be specific about the requirements for Quick-look other than that it should be synchronous.",,,,,,,,,,,,,,,
REQ_0195,,,,,"Near-line processing should be available for simple data reductions required for data integrity validation (i.e. remove instrument and observatory effects so the observer can make decisions about further observing actions). This data reduction proceeds sequentially through requests, but asynchronously from data acquistion. In particular, data acquisition takes precedence over near-line data reduction.",,,,,,,,,,,,,,,
REQ_0196,,,,,"Off-line pixel processing for full data reduction should also exist at the Gemini 8m Telescopes site, but does not have any interface to the Gemini 8m Telescopes software. The Astronomical communities have made considerable investments in image processing software, and therefore, compatibility with and adaptations to these packages must be sought.",,,,,,,,,,,,,,,
REQ_0197,,,,,"It should also be noted that some Gemini 8m Telescopes subsystems, such as adaptive optics, may require their own special on-line pixel processing software, which is better defined in the requirements for those subsystems. This is largely due to the difficulty of applying on-line the same algorithms used for full off-line reductions — in general due to the time critical nature of the image processing needs.",,,,,,,,,,,,,,,
REQ_0198,,,,,"The same situation might also occur with other instruments, where specific observer support software has to be foreseen for on-line use.",,,,,,,,,,,,,,,
REQ_0199,,,,,"In all these cases the specific on-line (quick-look) software development shall be seen as a subset of the development for the off-line data reduction system, to avoid as far as possible duplication of development effort.",,,,,,,,,,,,,,,
REQ_0200,,,,3.3.3.2 on-line access to catalogues and previous data,,,,,Context,#subordinate-REQ_0179,,,,,,,,,,
REQ_0201,,,,,The output format of the Gemini 8m Telescopes data must be compatible with the GEMINI archive requirements.,,,,,,,,,,,,,,,
REQ_0202,,,,,"As comparisons with previous data might be of great value and affect the actual observing program, on-line interactive access to the data archiving system should exist, so that access to this database is possible for Gemini 8m Telescopes users.",,,,,,,,,,,,,,,
REQ_0203,,,,,"The specific types of data available; flat fields, calibrations, science exposures, etc.; the amount of a specific exposure available; header only, averaged exposure, complete raw data set; and the time frame within which such data will be made available; same night, weekly, after proprietary period; will be established by the Gemini Archiving Requirements.",,,,,,,,,,,,,,,
REQ_0204,,,,,"Computer access to star catalogues is also required, so that an automatic selection of candidate guide and standard stars can be made.",,,,,,,,,,,,,,,
REQ_0205,,,,3.3.3.3 Access to other packages,,,,,Context,#subordinate-REQ_0179,,,,,,,,,,
REQ_0206,,,,,The Gemini 8m Telescopes software must be able to interface with all commercial software packages available on the Gemini 8m Telescopes and integrated into the Gemini 8m Telescopes operation.,,,,,,,,,,,,,,,
REQ_0207,,,,,"A relevant example of such a package is a general database management system (DBMS), where operational information such as schedules, logs, problem reports and maintenance information related to various pieces of equipment should be kept.",,,,,,,,,,,,,,,
REQ_0208,,,3.3.4 Communication interfaces,,,,,,Context,#subordinate-REQ_0161,,,,,,,,,,
REQ_0209,,,,"Being in itself a distributed telescope system and having a large number of instruments, the Gemini 8m Telescopes system has internal communication needs.",,,,,,,,,,,,,,,,
REQ_0210,,,,3.3.4.1 Local Area Network(LAN),,,,,Context,#subordinate-REQ_0208,,,,,,,,,,
REQ_0211,,,,,"The LAN shall support the majority of the Gemini 8m Telescopes system internal communication needs. This LAN must be capable of dealing both with the data bandwidths required (at peak and on average) and with the required response times and synchronization needs. This LAN shall be supplemented with a Local Time Bus, for distribution of absolute and relative time signals, and both a digital reflective memory bus and an analog event-based bus, for distribution of signals with requirements not satisfied by a LAN.",,,,,,,,,,,,,,,
REQ_0212,,,,,"Independently of the physical layout of such a network, its functional requirements can be split into several categories:",,,,,,,,,,,,,,,
REQ_0213,,,,,,"•Local coordination and synchronization needs within a subsystem (for example, coordination of active support system for primary mirror, bi-directional traffic of commands/replies). This layer could be considered as internal to a given subsystem or instrument, but as more than one subsystem might need it, one should aim for a unique solution at the hardware and software level.",,,,,,,,,,,,,,
REQ_0214,,,,,,"•Global synchronization needs, such as the universal time synchronization requirement. The required accuracy will be defined in Section 2.9 on page 2- 19.",,,,,,,,,,,,,,
REQ_0215,,,,,,"•Exchange of control information, in the form of commands and status information. (Bi-directional traffic) (see also Section 3.1.1 on page 3- 1).",,,,,,,,,,,,,,
REQ_0216,,,,,,•Collection and transfer (for archiving or remote access) of raw astronomical data. The capacity will be defined in Section 2.9 on page 2- 19(see also Section 3.1.2 on page 3- 2).,,,,,,,,,,,,,,
REQ_0217,,,,,,•Access from Wide Area Network (WAN) for remote diagnostics and monitoring from operations facilities (Bi-directional traffic).,,,,,,,,,,,,,,
REQ_0218,,,,,No distinction is made here between WAN and point to point links as there shall be no difference in the software between the two cases. However the system architecture will be designed so as to minimize the communication load placed on peer and higher level networks.,,,,,,,,,,,,,,,
REQ_0219,,,,,Control data and astronomical data have already been defined in the Data specifications (see Section 3.1 on page 3- 1). The reason for repeating them here is to have a complete view of the required network functionality.,,,,,,,,,,,,,,,
REQ_0220,,,,,"To eliminate conceptual access problems, while coping with different bandwidths, LAN and WAN interfaces shall be homogeneous and shall be based on standards which allow migration on different media, should they become required during the Gemini 8m Telescopes project life.",,,,,,,,,,,,,,,
REQ_0221,,,,,"For maintenance reasons and hardware independence, a clear hierarchical model must be implemented, supporting separation of logical and physical layers, e.g. ISO/OSI model. It is recognized that this hierarchy may need to be violated for (in general) performance reasons. This results in point-to-point connections between peer systems or direct connections bypassing the hierarchy.",,,,,,,,,,,,,,,
REQ_0222,,,,,"Network redundancy should also be considered in the design phase as a way to increase reliability and security, in particular for control information.",,,,,,,,,,,,,,,
REQ_0223,,,,,"Due to the uncertain future of the Internet, only non-essential tasks may employ it. All essential tasks, not including remote observing, must take place on resources controlled by the project (such as leased lines).",,,,,,,,,,,,,,,
REQ_0224,,,,,Violation of the hierarchical nature of the system can lead to testing and maintenance problems. The use of these features must be limited and constrained by the following guidelines:,,,,,,,,,,,,,,,
REQ_0225,,,,,,A.Peer-to-peer connectivity should only be used to overcome a demonstrated performance problem.,,,,,,,,,,,,,,
REQ_0226,,,,,,"B.Bypassing the hierarchy (connected between grandmother and granddaughter with no path through the mother) should only be used for transmission of status information or bulk data, not control flow.",,,,,,,,,,,,,,
REQ_0227,,3.4 General Constraints,,,,,,,Context,#subordinate-REQ_0101,,,,,,,,,,
REQ_0228,,,3.4.1 User constraints,,,,,,Context,#subordinate-REQ_0227,,,,,,,,,,
REQ_0229,,,,"It is envisaged that observing astronomers who have travelled to the Gemini 8m Telescopes site will make use of the Gemini 8m Telescopes control room facilities. This will allow centralized support and coordination of their operations, providing both operations support for individual instruments and supervision for all of them.",,,,,,,,,,,,,,,,
REQ_0230,,,,"However, even at the Gemini 8m Telescopes site there will be users (e.g. software development and maintenance staff) installing or enhancing other parts of the system, possibly working directly at the telescope.",,,,,,,,,,,,,,,,
REQ_0231,,,,"Finally, in the case of remote operations, other users (e.g. support staff) might be on Cerro Tololo or in Hilo.",,,,,,,,,,,,,,,,
REQ_0232,,,,"To allow coordination both locally at the Gemini 8m Telescopes site between the various users and with remote users, the software shall support access to the system from any user station. It will then be an operational decision, implying privileges and priorities for the various categories of users, and definition of what a given user can actually do.",,,,,,,,,,,,,,,,
REQ_0233,,,,"Access from any user station will make user stations in principle identical and software configurable as the user station of this or that subsystem. This should greatly simplify the coordination problem posed by the large number of simultaneous users (as already described in the Capacity requirements, Section 3.2.2).",,,,,,,,,,,,,,,,
REQ_0234,,,3.4.2 Hardware constraints,,,,,,Context,#subordinate-REQ_0227,,,,,,,,,,
REQ_0235,,,,There are a number of constraints for the Gemini 8m Telescopes computer hardware. Although some of these constraints may appear redundant the project recognizes that:,,,,,,,,,,,,,,,,
REQ_0236,,,,,•during the next 5 to 10 years new hardware will be available with features and costs that could benefit the project,,,,,,,,,,,,,,,
REQ_0237,,,,,•the hardware chosen as the standard at this point of time may be no longer available at some point in the future,,,,,,,,,,,,,,,
REQ_0238,,,,,"•the cost of maintaining an existing hardware standard, even if available, may exceed the costs of adopting a new hardware standard",,,,,,,,,,,,,,,
REQ_0239,,,,These constraints recognize that the majority of the expense in changing hardware standards is the cost of the software. Particular constraints are:,,,,,,,,,,,,,,,,
REQ_0240,,,,,"A.Computers used at the Gemini 8m Telescopes site, particularly in the test phase when they are outside the control room and near the subsystem under test, shall be checked against altitude and humidity specifications for the Gemini 8m Telescopes site (see also [EDS] in Section 1.3).",,,,,,,,,,,,,,,
REQ_0241,,,,,"B.Computer hardware must be able to run the Gemini 8m Telescopes software environment (operating systems, Gemini 8m Telescopes software) and provide compatibility in data format (identical internal data representation).",,,,,,,,,,,,,,,
REQ_0242,,,,,C.Common development and implementation tools must be both available and supported,,,,,,,,,,,,,,,
REQ_0243,,,,,D.Identical network access must be supported,,,,,,,,,,,,,,,
REQ_0244,,,,,"E.Local processing power must be such that telescope and instrument control does not represent a significant overhead in the whole process of executing an observing program (the overhead, if any, should be limited by the time it takes for physical devices to act)",,,,,,,,,,,,,,,
REQ_0245,,,,,"F.The choice of a scalable hardware architecture with computers at various performance levels should solve the problem of adequate on-line data assessment, as the amount of this activity is very variable and dependent upon the kind of detector and method used.",,,,,,,,,,,,,,,
REQ_0246,,,,,"G.Due to the limited bandwidths which may be available remotely, there will be constraints on the functionality of remote operations and access.",,,,,,,,,,,,,,,
REQ_0247,,,,"Depending on funding, it is probably reasonable here to make a minimum and a desirable specification. The minimum situation could also coincide with what is needed in the test period before coming to full remote operation.",,,,,,,,,,,,,,,,
REQ_0248,,,,"In any case, remote operation must include remote monitoring from the Gemini 8m Telescopes base facilities, together with access tools for diagnostic and test use. It should be a goal to support remote observing from the Gemini 8m Telescopes base facilities.",,,,,,,,,,,,,,,,
REQ_0249,,,3.4.3 software constraints,,,,,,Context,#subordinate-REQ_0227,,,,,,,,,,
REQ_0250,,,,Some of the general requirements which have a direct effect on the software are here explicitly transformed into software constraints.,,,,,,,,,,,,,,,,
REQ_0251,,,,These are:,,,,,,,,,,,,,,,,
REQ_0252,,,,,A.Individual instruments must be able to run fully independently.,,,,,,,,,,,,,,,
REQ_0253,,,,,B.Telescope software at the two telescopes must be maintained to be identical in the upper layers (even if hardware should differ).,,,,,,,,,,,,,,,
REQ_0254,,,,,"C.Additions of new instruments should aim, as a goal, at introducing no modification to already operational parts. Modifications should be confined to the operational procedures and should not affect the bulk of the existing software.",,,,,,,,,,,,,,,
REQ_0255,,,,,D.Switching to different configurations must be possible at any time with appropriate procedures.,,,,,,,,,,,,,,,
REQ_0256,,,,,E.There must be easy procedures to reconfigure the system when subsystems are modified or removed.,,,,,,,,,,,,,,,
REQ_0257,,,,,"F.The number of main packages of software must be kept to a minimum to facilitate maintenance, but compatibly with the need to have the right degree of modularity.",,,,,,,,,,,,,,,
REQ_0258,,,,,G.Commercial and public domain packages should be used whenever possible.,,,,,,,,,,,,,,,
REQ_0259,,,,,H.Existing software packages should be reused wherever possible.,,,,,,,,,,,,,,,
REQ_0260,,,,,I.Existing software expertise should be consulted whenever possible.,,,,,,,,,,,,,,,
REQ_0261,,,,,"J.All software which does not directly control specific hardware must be written as machine independent, portable code. Even for microprocessor software, the software should be hardware independent, to allow a later choice of the target microprocessors.",,,,,,,,,,,,,,,
REQ_0262,,,,,"K.To allow for expansion and maintenance, Gemini 8m Telescopes standards must be defined for the on-line software and the development environment.",,,,,,,,,,,,,,,
REQ_0263,,,,,"L.On-line version control must be implemented. That is, the version control system must be available to recover/restore versions at all times.",,,,,,,,,,,,,,,
REQ_0264,,,,,"M.At boot time, the Gemini 8m Telescopes software shall check the consistency of versions of all the various software components.",,,,,,,,,,,,,,,
REQ_0265,,,,,"N.Table-driven software should be used whenever possible, to avoid unnecessary compilations.",,,,,,,,,,,,,,,
REQ_0266,,,,"Whether the software is table driven, message driven, or a combination of both is a function of the individual work packages and defined in the appropriate work package description.",,,,,,,,,,,,,,,,
REQ_0267,,,,"Changing system constants, such as arcseconds/bit for an encoder, shall not require recompiling but will be updated as part of system startup, and, for some constants, will be modifiable during operation. System status parameters will be maintained to an extent that will allow restarting the system and regaining the previous state. The extent of duplication of the previous state will be dictated by safety and practical considerations.",,,,,,,,,,,,,,,,
REQ_0268,,,,Strict checking should be applied on this to preserve maintainability and reconfiguration of the system.,,,,,,,,,,,,,,,,
REQ_0269,,3.5 Attributes,,,,,,,Context,#subordinate-REQ_0101,,,,,,,,,,
REQ_0270,,,"Regardless of application, the software and control systems produced as part of the Gemini Project Work Packages exhibit numerous common attributes. The specific attributes described in this document are:",,,,,,Context,#subordinate-REQ_0269,,,,,,,,,,
REQ_0271,,,,• Simplicity,,,,,Condition,#subordinate-REQ_0269#parallel-REQ_0272#parallel-REQ_0273#parallel-REQ_0274#parallel-REQ_0275#parallel-REQ_0276#parallel-REQ_0277#parallel-REQ_0278#parallel-REQ_0279#parallel-REQ_0280#parallel-REQ_0281,,,,,,,,,,
REQ_0272,,,,• Supportability,,,,,Condition,#subordinate-REQ_0269#parallel-REQ_0271#parallel-REQ_0273#parallel-REQ_0274#parallel-REQ_0275#parallel-REQ_0276#parallel-REQ_0277#parallel-REQ_0278#parallel-REQ_0279#parallel-REQ_0280#parallel-REQ_0281,,,,,,,,,,
REQ_0273,,,,• Reliability and Availability,,,,,Condition,#subordinate-REQ_0269#parallel-REQ_0271#parallel-REQ_0272#parallel-REQ_0274#parallel-REQ_0275#parallel-REQ_0276#parallel-REQ_0277#parallel-REQ_0278#parallel-REQ_0279#parallel-REQ_0280#parallel-REQ_0281,,,,,,,,,,
REQ_0274,,,,• Maintainability,,,,,Condition,#subordinate-REQ_0269#parallel-REQ_0271#parallel-REQ_0272#parallel-REQ_0273#parallel-REQ_0275#parallel-REQ_0276#parallel-REQ_0277#parallel-REQ_0278#parallel-REQ_0279#parallel-REQ_0280#parallel-REQ_0281,,,,,,,,,,
REQ_0275,,,,• Human Engineering,,,,,Condition,#subordinate-REQ_0269#parallel-REQ_0271#parallel-REQ_0272#parallel-REQ_0273#parallel-REQ_0274#parallel-REQ_0276#parallel-REQ_0277#parallel-REQ_0278#parallel-REQ_0279#parallel-REQ_0280#parallel-REQ_0281,,,,,,,,,,
REQ_0276,,,,• Security and Safety,,,,,Condition,#subordinate-REQ_0269#parallel-REQ_0271#parallel-REQ_0272#parallel-REQ_0273#parallel-REQ_0274#parallel-REQ_0275#parallel-REQ_0277#parallel-REQ_0278#parallel-REQ_0279#parallel-REQ_0280#parallel-REQ_0281,,,,,,,,,,
REQ_0277,,,,• Environmental Compatibility,,,,,Condition,#subordinate-REQ_0269#parallel-REQ_0271#parallel-REQ_0272#parallel-REQ_0273#parallel-REQ_0274#parallel-REQ_0275#parallel-REQ_0276#parallel-REQ_0278#parallel-REQ_0279#parallel-REQ_0280#parallel-REQ_0281,,,,,,,,,,
REQ_0278,,,,• Testability,,,,,Condition,#subordinate-REQ_0269#parallel-REQ_0271#parallel-REQ_0272#parallel-REQ_0273#parallel-REQ_0274#parallel-REQ_0275#parallel-REQ_0276#parallel-REQ_0277#parallel-REQ_0279#parallel-REQ_0280#parallel-REQ_0281,,,,,,,,,,
REQ_0279,,,,• Expandability,,,,,Condition,#subordinate-REQ_0269#parallel-REQ_0271#parallel-REQ_0272#parallel-REQ_0273#parallel-REQ_0274#parallel-REQ_0275#parallel-REQ_0276#parallel-REQ_0277#parallel-REQ_0275#parallel-REQ_0280#parallel-REQ_0281,,,,,,,,,,
REQ_0280,,,,• Modularity,,,,,Condition,#subordinate-REQ_0269#parallel-REQ_0271#parallel-REQ_0272#parallel-REQ_0273#parallel-REQ_0274#parallel-REQ_0275#parallel-REQ_0276#parallel-REQ_0277#parallel-REQ_0275#parallel-REQ_0279#parallel-REQ_0281,,,,,,,,,,
REQ_0281,,,,• Concurrency,,,,,Condition,#subordinate-REQ_0269#parallel-REQ_0271#parallel-REQ_0272#parallel-REQ_0273#parallel-REQ_0274#parallel-REQ_0275#parallel-REQ_0276#parallel-REQ_0277#parallel-REQ_0275#parallel-REQ_0279#parallel-REQ_0280,,,,,,,,,,
REQ_0282,,,3.5.1 Simplicity,,,,,,Context,#subordinate-REQ_0269,,,,,,,,,,
REQ_0283,,,,Achieve as simple as system as we can which meets the requirements.,,,,,"Action,Constraint",#subordinate-REQ_0282,,,,,,,,,,
REQ_0284,,,3.5.2 Supportability,,,,,,Context,#subordinate-REQ_0269,,,,,,,,,,
REQ_0285,,,,A supportability plan will be part of the Gemini Control System. The goals and issues to be addressed by this plan and the elements of the plan are detailed below. The plan is TBD.,,,,,Context,#subordinate-REQ_0284,,,,,,,,,,
REQ_0286,,,,3.5.2.1 Goals,,,,,Context,#subordinate-REQ_0284,,,,,,,,,,
REQ_0287,,,,,• have supportability influence design,,,,Action,#subordinate-REQ_0286,,,,,,,,,,
REQ_0288,,,,,• translate availability and readiness requirements into supportability requirements,,,,Action,#subordinate-REQ_0286,,,,,,,,,,
REQ_0289,,,,,• identify and plan for necessary support,,,,Action,#subordinate-REQ_0286,,,,,,,,,,
REQ_0290,,,,,• provide support at minimum cost,,,,Action,#subordinate-REQ_0286,,,,,,,,,,
REQ_0291,,,,3.5.2.2 Issues,,,,,Context,#subordinate-REQ_0284,,,,,,,,,,
REQ_0292,,,,,• maintenance personnel availability and work hour constraints,,,,Constraints,#subordinate-REQ_0291,,,,,,,,,,
REQ_0293,,,,,• personnel skill level constraints,,,,Constraints,#subordinate-REQ_0291,,,,,,,,,,
REQ_0294,,,,,• operating and support cost constraints,,,,Constraints,#subordinate-REQ_0291,,,,,,,,,,
REQ_0295,,,,,• target failures correctable at each maintenance level,,,,Constraints,#subordinate-REQ_0291,,,,,,,,,,
REQ_0296,,,,,• allowable downtime at site,,,,Constraints,#subordinate-REQ_0291,,,,,,,,,,
REQ_0297,,,,,• turnaround time to fix and maintain system,,,,Constraints,#subordinate-REQ_0291,,,,,,,,,,
REQ_0298,,,,,• standardization requirements,,,,Action,#subordinate-REQ_0291,,,,,,,,,,
REQ_0299,,,,3.5.2.3 Elements,,,,,Context,#subordinate-REQ_0284,,,,,,,,,,
REQ_0300,,,,,• maintenance planning,,,,Action,#subordinate-REQ_0299,,,,,,,,,,
REQ_0301,,,,,• manpower and personnel,,,,Action,#subordinate-REQ_0299,,,,,,,,,,
REQ_0302,,,,,• supply support,,,,Action,#subordinate-REQ_0299,,,,,,,,,,
REQ_0303,,,,,• support equipment,,,,Action,#subordinate-REQ_0299,,,,,,,,,,
REQ_0304,,,,,• technical data,,,,Action,#subordinate-REQ_0299,,,,,,,,,,
REQ_0305,,,,,• training and training support,,,,Action,#subordinate-REQ_0299,,,,,,,,,,
REQ_0306,,,,,• computer resources support,,,,Action,#subordinate-REQ_0299,,,,,,,,,,
REQ_0307,,,,,• facilities,,,,Action,#subordinate-REQ_0299,,,,,,,,,,
REQ_0308,,,,,"• packaging, handling, storage and transportation",,,,Action,#subordinate-REQ_0299,,,,,,,,,,
REQ_0309,,,,,• design interface,,,,Action,#subordinate-REQ_0299,,,,,,,,,,
REQ_0310,,,3.5.3 Reliability adn Availability,,,,,,Context,#subordinate-REQ_0269,,,,,,,,,,
REQ_0311,,,,A reliability program is part of the Gemini Control System. The requirements for this program and some measures of reliability are detailed below. The plan is as provided by Glen Heriot of the Canadian Gemini Project Office.,,,,,,,,,,,,,,,,
REQ_0312,,,,3.5.3.1 reliability and availability requirements,,,,,Context,#subordinate-REQ_0310,,,,,,,,,,
REQ_0313,,,,,"Reliability is defined as “The duration or probability of failure-free performance under state conditions” or “The probability that an item can perform its intended function for a specified interval under stated conditions”. The [GSR] sets as a requirement 2% and a goal 1% for total system (mechanical, electrical, and software) downtime due to failures - this translates to a maximum of 15 minutes per night or 1 night per month of downtime. This in turn sets quite stringent requirements on both MTBF and MTTR for the software and controls.",,,,,,,,,,,,,,,
REQ_0314,,,,,"To guarantee maximum availability of the control system, retry procedures must be embodied in the software in case of error or failure (e.g. time-out, hardware failure) to achieve recovery on-line whenever possible.",,,,,,,,,,,,,,,
REQ_0315,,,,,"Should recovery also fail, the error or failure has to be reported in a clear form (to identify the cause of the problem) and the system shall put itself into a safe state, whenever a safety aspect might be involved.",,,,,,,,,,,,,,,
REQ_0316,,,,,"To avoid unnecessary downtime, it must be possible for the system to reconfigure itself in order to continue observing, in a different mode if required, given the failure of a single non-critical subsystem.",,,,,,,,,,,,,,,
REQ_0317,,,,,"To increase software robustness, range checking and validity checking shall be supported before execution of any input command. This must be possible ahead of time, preparing observing sequences for automatic observations and simulating observations to estimate results.",,,,,,,,,,,,,,,
REQ_0318,,,,,"On-line pre-checking of the operational status of equipment should be done prior to sending critical or time consuming commands. It must be possible to apply continuous monitoring to all subsystems on request, both when in operation and when idle, to check their operational status.",,,,,,,,,,,,,,,
REQ_0319,,,,,A measure of fault rates should be done during commissioning to establish baseline rates for system reliability monitoring.,,,,,,,,,,,,,,,
REQ_0320,,,,,There are to be recovery procedures to restart after error failure.,,,,,,,,,,,,,,,
REQ_0321,,,,,The system should be constantly monitoring active subsystems to be sure they are operating correctly before sending command to each subsystem. This monitoring should continue on inactive subsystems.,,,,,,,,,,,,,,,
REQ_0322,,,,,The goal for recover and/or reconfiguration is 5 minutes from onset of the error condition to observing again.,,,,,,,,,,,,,,,
REQ_0323,,,,,Specific requirements are:,,,,,,,,,,,,,,,
REQ_0324,,,,,,"A.measurable, realistic reliability needs",,,,,,,,,,,,,,
REQ_0325,,,,,,B.performance criteria for the system,,,,,,,,,,,,,,
REQ_0326,,,,,,C.definition of failure,,,,,,,,,,,,,,
REQ_0327,,,,,,D.conditions of use and environments,,,,,,,,,,,,,,
REQ_0328,,,,,,E.means of verification,,,,,,,,,,,,,,
REQ_0329,,,,,,F.period of time during system life,,,,,,,,,,,,,,
REQ_0330,,,3.5.4 maintainability,,,,,,Context,#subordinate-REQ_0269,,,,,,,,,,
REQ_0331,,,,A detailed plan for maintaining and periodically upgrading the Control System over its lifetime will be part of the Gemini Control System. The plan will consider:,,,,,,,,,,,,,,,,
REQ_0332,,,,,A.Maintenance requirements including an estimate of required resources.,,,,,,,,,,,,,,,
REQ_0333,,,,,B.The method of upgrading the system to add capabilities and performance. Areas where upgrades are anticipated should be identified with an estimate of the required effort and resources.,,,,,,,,,,,,,,,
REQ_0334,,,,These issues will be addressed in the context of the mountain environment where the system will be operating. The plan will be delivered with the control system.,,,,,,,,,,,,,,,,
REQ_0335,,,,3.5.4.1 maintenance requirements,,,,,Context,#subordinate-REQ_0330,,,,,,,,,,
REQ_0336,,,,,"Maintenance of commercial software (Solaris, VxWorks) used by this work package is the responsibility of the WPR and the maintenance costs are not covered by the work package budget.",,,,,,,,,,,,,,,
REQ_0337,,,,,Community software support (EPICS) is available nominally free-of-charge through the normal release and bug-fix procedures used in the community.,,,,,,,,,,,,,,,
REQ_0338,,,,,"All subsystem software is to include modules to aid in the maintenance and testing of the subsystem. For example, each subsystem is to include a simulator that provides a reference behavior for that subsystem. Simple mechanisms should exist for replacing a subsystem with its simulation.",,,,,,,,,,,,,,,
REQ_0339,,,,,The following self-check levels are to be supplied with sub-system software:,,,,,,,,,,,,,,,
REQ_0340,,,,,,"A.Monitor level. Each subsystem should have a background task running whenever that subsystem is operational, performing such tasks as checking power supply levels, temperatures, performance, correct responses to commands. The OCS is to be notified of any detected problems.",,,,,,,,,,,,,,
REQ_0341,,,,,,"B.Self-test level. Each subsystem should provide a module for fully exercising all subsystem components, both hardware and software. This module is executed automatically during start-up and on demand through the defined interface. Problems are to be automatically reported to the OCS via the defined interface.",,,,,,,,,,,,,,
REQ_0342,,,,,,C.System level. There are also software modules for testing the subsystem as an integrated portion of the entire system. This software would be executed on demand during maintenance operation level.,,,,,,,,,,,,,,
REQ_0343,,,,3.5.4.2 levels of maintenance,,,,,Context,#subordinate-REQ_0330,,,,,,,,,,
REQ_0344,,,,,The levels at which maintenance may be performed are:,,,,,,,,,,,,,,,
REQ_0345,,,,,3.5.4.2.1 Organizational level,,,,Context,#subordinate-REQ_0343,,,,,,,,,,
REQ_0346,,,,,,These should be done in situ during an observing session.,,,,,,,,,,,,,,
REQ_0347,,,,,,,"• repair by unit replacement (for instance, an extra computer system)",,,,,,,,,,,,,
REQ_0348,,,,,,,• repair units by module replacement (e.g. replace a VME card in an IOC),,,,,,,,,,,,,
REQ_0349,,,,,3.5.4.2.2 Intermediate level,,,,Context,#subordinate-REQ_0343,,,,,,,,,,
REQ_0350,,,,,,This could be done at an Gemini 8m Telescopes base facility during the day.,,,,,,,,,,,,,,
REQ_0351,,,,,,,• repair by module replacement,,,,,,,,,,,,,
REQ_0352,,,,,3.5.4.2.3 Depot level,,,,Context,#subordinate-REQ_0343,,,,,,,,,,
REQ_0353,,,,,,This could be done at an Gemini 8m Telescopes base facility during the day.,,,,,,,,,,,,,,
REQ_0354,,,,,,,• module repair,,,,,,,,,,,,,
REQ_0355,,,,,3.5.4.2.4 Contractor,,,,Context,#subordinate-REQ_0343,,,,,,,,,,
REQ_0356,,,,,,Done at the contractor/vendor’s site.,,,,,,,,,,,,,,
REQ_0357,,,,,,,• repair or replace,,,,,,,,,,,,,
REQ_0358,,,,3.5.4.3 Maintenance goals,,,,,Context,#subordinate-REQ_0330,,,,,,,,,,
REQ_0359,,,,,The prime objectives are to minimize:,,,,,,,,,,,,,,,
REQ_0360,,,,,,A.downtime due to maintenance,,,,,,,,,,,,,,
REQ_0361,,,,,,B.cost of maintenance,,,,,,,,,,,,,,
REQ_0362,,,,,,C.numbers and skill levels of personnel,,,,,,,,,,,,,,
REQ_0363,,,,,,D.efforts to perform maintenance,,,,,,,,,,,,,,
REQ_0364,,,,,,E.errors in maintaining systems,,,,,,,,,,,,,,
REQ_0365,,,,,,F.failures induced in maintenance,,,,,,,,,,,,,,
REQ_0366,,,,3.5.4.4 Mantenance Issues,,,,,Context,#subordinate-REQ_0330,,,,,,,,,,
REQ_0367,,,,,A.maintenance worker constraints,,,,,,,,,,,,,,,
REQ_0368,,,,,B.levels of maintenance,,,,,,,,,,,,,,,
REQ_0369,,,,,C.sparing plans,,,,,,,,,,,,,,,
REQ_0370,,,,,D.periodic testing,,,,,,,,,,,,,,,
REQ_0371,,,,,E.scheduled or preventative maintenance,,,,,,,,,,,,,,,
REQ_0372,,,,,F.planned support equipment,,,,,,,,,,,,,,,
REQ_0373,,,,,G.turnaround time,,,,,,,,,,,,,,,
REQ_0374,,,,,H.repair versus discard,,,,,,,,,,,,,,,
REQ_0375,,,,3.5.4.5 Maintenance constraints,,,,,Context,#subordinate-REQ_0330,,,,,,,,,,
REQ_0376,,,,,A.operating hours,,,,,,,,,,,,,,,
REQ_0377,,,,,B.downtime or availability,,,,,,,,,,,,,,,
REQ_0378,,,,,C.attended / unattended operation,,,,,,,,,,,,,,,
REQ_0379,,,,,D.environment,,,,,,,,,,,,,,,
REQ_0380,,,,3.5.4.6 quantitative Maintenance requirements,,,,,Context,#subordinate-REQ_0330,,,,,,,,,,
REQ_0381,,,,,"Quantitative maintenance requirements will be allocated to the system, subsystems, and each component. The requirements must be achievable and stated in such a way that verification is permitted. The requirements will be expressed as:",,,,,,,,,,,,,,,
REQ_0382,,,,,,A.Mean Time to Repair for each maintenance level,,,,,,,,,,,,,,
REQ_0383,,,,,,B.Maximum Time to Repair for each maintenance level,,,,,,,,,,,,,,
REQ_0384,,,,,,C.Preventative Maintenance hours per year,,,,,,,,,,,,,,
REQ_0385,,,,,3.5.4.6.1 maintenance interval,,,,Context,#subordinate-REQ_0380,,,,,,,,,,
REQ_0386,,,,,,All equipment shall support a programmed adjustment and maintenance interval of 30 days or longer.,,,,,,,,,,,,,,
REQ_0387,,,3.5.5 Human Engineering,,,,,,Context,#subordinate-REQ_0269,,,,,,,,,,
REQ_0388,,,,All Gemini Software must be designed with human engineering requirements under consideration. The human engineering requirements for Gemini Software include:,,,,,,,,,,,,,,,,
REQ_0389,,,,,A.provisions for minimizing stress effects and fatigue,,,,,,,,,,,,,,,
REQ_0390,,,,,B.feedback on operation on specific tasks,,,,,,,,,,,,,,,
REQ_0391,,,,,C.people and machine interfaces,,,,,,,,,,,,,,,
REQ_0392,,,,,D.procedures,,,,,,,,,,,,,,,
REQ_0393,,,,,E.training and experience,,,,,,,,,,,,,,,
REQ_0394,,,,,F.interaction with team members,,,,,,,,,,,,,,,
REQ_0395,,,,,G.management and organizational behavior,,,,,,,,,,,,,,,
REQ_0396,,,3.5.6 Security and safety,,,,,,Context,#subordinate-REQ_0269,,,,,,,,,,
REQ_0397,,,,"The Gemini Control System development effort will obey and abide by both the letter and the spirit of all applicable engineering practices, laws, regulations, and policies. All necessary safety approvals will be obtained before devices will be accepted. The safety precedents and requirements are detailed below.",,,,,,,,,,,,,,,,
REQ_0398,,,,3.5.6.1 Definition of safety and risk,,,,,Context,#subordinate-REQ_0396,,,,,,,,,,
REQ_0399,,,,,"MIL-STD-822B, System Safety Program Requirements, defines safety and risk as:",,,,,,,,,,,,,,,
REQ_0400,,,,,"Safety: Freedom from those conditions that can cause death, injury, occupational illness, or damage to or loss of equipment or property",,,,,,,,,,,,,,,
REQ_0401,,,,,Risk: An expression of the possibility of a mishap in terms of hazard severity and hazard probability,,,,,,,,,,,,,,,
REQ_0402,,,,,In addition the Gemini project defines a hazard as:,,,,,,,,,,,,,,,
REQ_0403,,,,,"Hazard: Something that could cause death, injury, illness, or damage/loss.",,,,,,,,,,,,,,,
REQ_0404,,,,3.5.6.2 Security and safety requirements,,,,,Context,#subordinate-REQ_0396,,,,,,,,,,
REQ_0405,,,,,"The Gemini system must be self-monitoring to invoke safety monitoring to prevent risk to people or damage to equipment. The software should be able to quickly bring the Gemini system to a safe state upon notification of such danger. Subsystems must be able to detect such danger and report it appropriately. In the event that the risk persists, subsystems must be able to move themselves into safe states to protect people and equipment (i.e. if there is a failure in the higher-level systems).",,,,,,,,,,,,,,,
REQ_0406,,,,,"Safety protection must be applied whenever there is the risk that the actions of the control software could endanger people or cause damage to any Gemini 8m Telescopes subsystem, for example, by driving beyond limits or by overexposing detectors. This protection, where implemented, must be independent of the software. In general this will require mechanical hard stops, electrical interlocks, electrical hard limit switches, soft limit switches, software limits, and watch dogs,.",,,,,,,,,,,,,,,
REQ_0407,,,,,The order in which these systems will work is as follows:,,,,,,,,,,,,,,,
REQ_0408,,,,,,1. software limits - the software will not allow unsafe actions; the command will be rejected,,,,,,,,,,,,,,
REQ_0409,,,,,,2. soft limit switches - the software will detect unsafe areas and halt; the software will allow movement off of soft limits,,,,,,,,,,,,,,
REQ_0410,,,,,,3. software watch dogs - the software will halt if its watch dog has not been reset,,,,,,,,,,,,,,
REQ_0411,,,,,,4. hardware watch dogs - the system will halt if its watch dog has not been reset,,,,,,,,,,,,,,
REQ_0412,,,,,,5. hard limit switches - these switches will remove power from actuator when beyond soft limits; the software/electrical systems will allow movement off of hard limits,,,,,,,,,,,,,,
REQ_0413,,,,,,6. hardware interlocks - these will prevent both software and hardware from action - there will be no bypass of these systems,,,,,,,,,,,,,,
REQ_0414,,,,,,7. hard stops - the mechanism cannot move beyond this point due to mechanical limit(s). In general hard stops will use dampers to avoid damage to equiment.,,,,,,,,,,,,,,
REQ_0415,,,,,The Gemini 8m Telescopes software shall be able to bring the Gemini 8m Telescopes system quickly to a safe state upon detection of danger. Safety aspects shall be analyzed during the functional specification phase of the software.,,,,,,,,,,,,,,,
REQ_0416,,,,,"Security must be provided in order to both prevent accidental mix-up of commands from different users on different parts of the system and to prevent intrusion from the wide area network into the Gemini 8m Telescopes. In particular, the astronomical database must be protected from intrusion, whether the purpose is to access private data or to be destructive. It is acceptable, and may well prove to be the best solution, to provide intrusion security by a well designed network gateway acting as a firewall.",,,,,,,,,,,,,,,
REQ_0417,,,,,"A system that is operating in Engineering/Maintenance mode must ignore directives from other systems, though status information should still be provided for use by other systems. ",,,,,,,,,,,,,,,
REQ_0418,,,,,"There should be security preventing the intrusion into the system by unauthorized users, or users at unauthorized access levels.",,,,,,,,,,,,,,,
REQ_0419,,,,,All systems are appropriately interlocked. This interlock must not depend on any software for reliable operation. Details of the interlock system are found in the Mount Control System Work Package Definition.,,,,,,,,,,,,,,,
REQ_0420,,,,,The interlock philosophy is as follows:,,,,,,,,,,,,,,,
REQ_0421,,,,,,•All hazards capable of causing death and/or loss of irreplacable equipment shall be passively interlocked.,,,,,,,,,,,,,,
REQ_0422,,,,,,•All hazards capable of causing injury and/or severe damage to equipment shall be actively interlocked (severe damage implies that repairs are not repairable at the depot level.,,,,,,,,,,,,,,
REQ_0423,,,,,,•All other hazards may be interlocked via software.,,,,,,,,,,,,,,
REQ_0424,,,,,The precedence for conforming to safety requirements will be:,,,,,,,,,,,,,,,
REQ_0425,,,,,,1. design for minimum risk,,,,,,,,,,,,,,
REQ_0426,,,,,,2. incorporate safety devices,,,,,,,,,,,,,,
REQ_0427,,,,,,3. provide warning devices,,,,,,,,,,,,,,
REQ_0428,,,,,,4. develop procedures and training,,,,,,,,,,,,,,
REQ_0429,,,,,The general safety requirements are:,,,,,,,,,,,,,,,
REQ_0430,,,,,,"A.eliminate hazards through design, including material selection",,,,,,,,,,,,,,
REQ_0431,,,,,,B.isolate hazardous substances from people,,,,,,,,,,,,,,
REQ_0432,,,,,,"C.minimize hazard to people during operation and maintenance from high voltage, electromagnetic radiation, sharp edges, hot surfaces, chemicals, etc.",,,,,,,,,,,,,,
REQ_0433,,,,,,"D.minimize risks due to environmental conditions, such as temperature, noise, vibration, etc.",,,,,,,,,,,,,,
REQ_0434,,,,,,E.minimize risks created by human error,,,,,,,,,,,,,,
REQ_0435,,,,,,F.use interlocks and other protective devices when hazards cannot be eliminated,,,,,,,,,,,,,,
REQ_0436,,,,,,G.provide distinctive markings and warnings to protect people,,,,,,,,,,,,,,
REQ_0437,,,3.5.7 Testability,,,,,,Context,#subordinate-REQ_0269,,,,,,,,,,
REQ_0438,,,,"A Controls Test Plan is part of the Gemini Control System. This plan will address all areas of testing from design, acceptance, commissioning through to hand-over. The objectives and requirements of this plan are detailed below.",,,,,,,,,,,,,,,,
REQ_0439,,,,"MIL-STD-1309C, Definitions of terms for Test, Measurement and Diagnostic Equipment, has these definitions:",,,,,,,,,,,,,,,,
REQ_0440,,,,Testability: A design characteristic which allows the status of a unit to be confidently determined in a timely fashion.,,,,,,,,,,,,,,,,
REQ_0441,,,,"Built-in-test: An integral capability of the mission equipment which provides an onboard, automated test capability to detect, diagnose, or isolate system failures. The fault detection and, possibly, isolation capability is used for periodic or continuous monitoring of a system’s operational health, and for observation and, possibly, diagnosis as a prelude to maintenance action.",,,,,,,,,,,,,,,,
REQ_0442,,,,3.5.7.1 Testability objectives,,,,,Context,#subordinate-REQ_0437,,,,,,,,,,
REQ_0443,,,,,The major objectives are:,,,,,,,,,,,,,,,
REQ_0444,,,,,,• test effectively with minimum effort and cost,,,,,,,,,,,,,,
REQ_0445,,,,,,• reduce maintenance induced problems,,,,,,,,,,,,,,
REQ_0446,,,,,,• reduce the cost of test equipment and programming,,,,,,,,,,,,,,
REQ_0447,,,,,,• reduce cost of documentation,,,,,,,,,,,,,,
REQ_0448,,,,,,• testability requirements,,,,,,,,,,,,,,
REQ_0449,,,,,TABLE 1. Goals for Testability Values,,,,,,,,,,,,,,,
REQ_0450,,,,,Item | Organizational % Capacity | Intermediate % Capability | Depot % Capability,,,,,,,,,,,,,,,
REQ_0451,,,,,Fault Detection (all means) |90 |100 |100,,,,,,,,,,,,,,,
REQ_0452,,,,,Fault Detection (BIT) |90 |95 |95,,,,,,,,,,,,,,,
REQ_0453,,,,,Fault Isolation|||,,,,,,,,,,,,,,,
REQ_0454,,,,,Eight or less modules|95 |95 |95,,,,,,,,,,,,,,,
REQ_0455,,,,,Three or less modules |90 |90 |90,,,,,,,,,,,,,,,
REQ_0456,,,,,One module |80 |80 |80,,,,,,,,,,,,,,,
REQ_0457,,,,,The interpretation of this table is that we should discover the failure of a subsystem 90% of the time before the failure impacts observing.,,,,,,,,,,,,,,,
REQ_0458,,,3.5.8 Expandability,,,,,,Context,#subordinate-REQ_0269,,,,,,,,,,
REQ_0459,,,,"Since the Gemini software will be developed in stages over a period of years, and since computer technology is expected to evolve rapidly over this same period, the software is to be designed to be easily extended and upgraded with modifications to non-changing components. The software itself, its installation process, and its documentation must be developed with this expandability in mind, using general industry standards.",,,,,,,,,,,,,,,,
REQ_0460,,,3.5.9 Modularity,,,,,,Context,#subordinate-REQ_0269,,,,,,,,,,
REQ_0461,,,,"All software is to be developed using typical modularization and standardization techniques. In particular, each module’s environment is strictly defined by its interface to other components. No module can rely upon information outside of this interface. Module selection should be done in logical fashion to minimize the size of the interfaces between modules.",,,,,,,,,,,,,,,,
REQ_0462,,,,"The on-line databases can be considered part of this interface, but are only accessible through their defined interfaces.",,,,,,,,,,,,,,,,
REQ_0463,,,,"The software must be strictly modular, i.e. the functionality of a subsystem should correspond to that which belongs to that subsystem and only to that, so that software for different subsystems can be installed and maintained independently of all the rest.",,,,,,,,,,,,,,,,
REQ_0464,,,,"This is needed in particular for multi-instrument operation, for example, as instruments share the same subsystems on the telescope.",,,,,,,,,,,,,,,,
REQ_0465,,,,"At the same time, the possibility must exist to acquire information about other parts of the system (for example, telescope coordinates) (as mentioned in the control flow requirements in Section 3.1.1).",,,,,,,,,,,,,,,,
REQ_0466,,,,It also important that there are no undesired interactions between subsystems. This may be enforced either at the client/server interface or at the message system level.,,,,,,,,,,,,,,,,
REQ_0467,,,3.5.10 Contingencies,,,,,,Context,#subordinate-REQ_0269,,,,,,,,,,
REQ_0468,,,,"A. Fault tolerance. The security and safety of the system should be guaranteed even in the event of failure of any component, including the higher-level software.",,,,,,,,,,,,,,,,
REQ_0469,,,,"B. Redundancy. Hardware redundancy is a not requirement of the Gemini systems. However, the ability to reconfigure the software if one actuator fails is desirable. Data redundancy is also a requirement, to prevent a single failure from causing the loss of collected data. The goal is to minimize the effects of single-point errors throughout the system.",,,,,,,,,,,,,,,,
REQ_0470,,,3.5.11 Concurrency,,,,,,Context,#subordinate-REQ_0269,,,,,,,,,,
REQ_0471,,,,"As much as possible, the system is to take advantage of parallel operation to improve efficiency. The Telescope Control System should be capable of detecting and invoking parallel operation as it is responsible for control of all of the telescope and enclosure subsystems.",,,,,,,,,,,,,,,,
REQ_0472,,3.6 Life cycle aspects,,,,,,,Context,#subordinate-REQ_0101,,,,,,,,,,
REQ_0473,,,The Gemini 8m Telescopes software has to be developed according to a structured and formally defined development model. The purpose of this is to:,,,,,,,,,,,,,,,,,
REQ_0474,,,,• make the development process visible (for quality and maintenance reasons),,,,,,,,,,,,,,,,
REQ_0475,,,,• avoid incomplete specifications,,,,,,,,,,,,,,,,
REQ_0476,,,,• discover errors early (via review and audit procedures),,,,,,,,,,,,,,,,
REQ_0477,,,,"• secure structured, maintainable software",,,,,,,,,,,,,,,,
REQ_0478,,,,• guarantee software quality,,,,,,,,,,,,,,,,
REQ_0479,,,,• improve and ease cooperation.,,,,,,,,,,,,,,,,
REQ_0480,,,"This has to be defined in [SMP] and [SCP] (see Applicable Documents, Section 1.3), which will cover:",,,,,,,,,,,,,,,,,
REQ_0481,,,,• Development methods,,,,,,,,,,,,,,,,
REQ_0482,,,,"• Formal approval, review and audit procedures",,,,,,,,,,,,,,,,
REQ_0483,,,,• Documentation,,,,,,,,,,,,,,,,
REQ_0484,,,,• Coding and debugging,,,,,,,,,,,,,,,,
REQ_0485,,,,• Simulation,,,,,,,,,,,,,,,,
REQ_0486,,,,• Component and integration-verification and testing,,,,,,,,,,,,,,,,
REQ_0487,,,,• Configuration and version management,,,,,,,,,,,,,,,,
REQ_0488,,3.7 Development Environment,,,,,,,Context,#subordinate-REQ_0101,,,,,,,,,,
REQ_0489,,,"The development environment for the Gemini 8m Telescopes software consists of the computer hardware and system software (operating system, languages and tools) chosen optimally to support the development model presented in the previous section on life-cycle aspects.",,,,,,,,,,,,,,,,,
REQ_0490,,,"The choice of such an environment has to be defined, together with the choice of all the Gemini 8m Telescopes standards, but excluding the target computer hardware, in Section 4.2.5 on page 4- 7.",,,,,,,,,,,,,,,,,
REQ_0491,,,The following criteria for later selection shall be kept in mind:,,,,,,,,,,,,,,,,,
REQ_0492,,,,"•Emphasis on development and productivity requirements, including cross support tools",,,,,,,,,,,,,,,,
REQ_0493,,,,•Portability of software (target hardware independence),,,,,,,,,,,,,,,,
REQ_0494,,,,•Hardware and vendor independence,,,,,,,,,,,,,,,,
REQ_0495,,,,•Use of industrial and defacto standards.,,,,,,,,,,,,,,,,
REQ_0496,,3.8 Installation aspects,,,,,,,Context,#subordinate-REQ_0101,,,,,,,,,,
REQ_0497,,,"Test procedure methods have to be defined in the Software Test Plan (STP), while test plans shall be written for all individual software packages and modules comprising the Gemini 8m Telescopes software.",,,,,,,,,,,,,,,,,
REQ_0498,,,"Apart from the component and integration test procedures, a formal release system should exist at package and module level, which should be checkable on-line by the operational procedures for consistency. Every system must thus be able to supply its current version upon request.",,,,,,,,,,,,,,,,,
REQ_0499,,,The test operation level has already been discussed in Section 3.2.1 on page 3- 3.,,,,,,,,,,,,,,,,,
REQ_0500,,,The phasing of the various parts of the project is given in the [SMP].,,,,,,,,,,,,,,,,,
REQ_0501,4 Specific Requirements,,,,,,,,Context,NONE,,,,,,,,,,
REQ_0502,,This section presents the specific attributes and requirements for Gemini software.,,,,,,,,,,,,,,,,,,
REQ_0503,,Only the high-level requirements for Gemini software are presented here. Detailed specifications for the subsystems are found in the individual chapters of the Software Design Description.,,,,,,,,,,,,,,,,,,
REQ_0504,,4.1 Attributes,,,,,,,Context,#subordinate-REQ_0501,,,,,,,,,,
REQ_0505,,,"Regardless of application, the Gemini software exhibits numerous common attributes. These attributes are described in this section.",,,,,,,,,,,,,,,,,
REQ_0506,,,4.1.1 Maintenance,,,,,,Context,#subordinate-REQ_0504,,,,,,,,,,
REQ_0507,,,,The Gemini system maintenance philosophy is described in the Software Management Plan (SMP).,,,,,,,,,,,,,,,,
REQ_0508,,,,Preventative maintenance is scheduled as specified in the Gemini Design Requirements Specification.,,,,,,,,,,,,,,,,
REQ_0509,,,4.1.2 Modularity,,,,,,Context,#subordinate-REQ_0504,,,,,,,,,,
REQ_0510,,,,"All software is to be developed using typical modularization and standardization techniques. In particular, each module's environment is strictly defined by its interface to other components. No module can rely upon information outside of this interface. Module selection should be done in logical fashion to minimize the size of the interfaces between modules.",,,,,,,,,,,,,,,,
REQ_0511,,,,"The on-line databases can be considered part of this interface, but are only accessible Reliability and availability",,,,,,,,,,,,,,,,
REQ_0512,,,,A measure of fault rates should be done during commissioning to establish baseline rates for system reliability monitoring.,,,,,,,,,,,,,,,,
REQ_0513,,,,There are to be recovery procedures to restart after error failure. See section Section 3.2.5 on page 3 - 5.,,,,,,,,,,,,,,,,
REQ_0514,,,,"During science planning, there should be validity and feasibility checks to help ensure effective and efficient use of the telescope. Where appropriate, these checks should also be performed during operation.",,,,,,,,,,,,,,,,
REQ_0515,,,,The system should be constantly monitoring active subsystems to be sure they are operating correctly before sending commands to each subsystem. This monitoring should continue on inactive subsystems.,,,,,,,,,,,,,,,,
REQ_0516,,4.2 Other Controls and software requirements,,,,,,,Context,#subordinate-REQ_0501,,,,,,,,,,
REQ_0517,,,4.2.1 On-line database subsystems,,,,,,Context,#subordinate-REQ_0516,,,,,,,,,,
REQ_0518,,,,All telescope and instrument parameters are kept in an on line database to permit easy implementation of table-driven applications. The interface between software control packages is normally done via interface calls to the on-line database.,,,,,,,,,,,,,,,,
REQ_0519,,,,The requirements for this database package are:,,,,,,,,,,,,,,,,
REQ_0520,,,,,"A.All telescope, instrument, and detector control information is to be available at any operation level.",,,,,,,,,,,,,,,
REQ_0521,,,,,B.Access times to the database are to be in the range of 2-3 msec per access.,,,,,,,,,,,,,,,
REQ_0522,,,,,"C.Asynchronous writes are to be supported, allowing for concurrent operation.",,,,,,,,,,,,,,,
REQ_0523,,,,,D.Time-access critical information is available in memory.,,,,,,,,,,,,,,,
REQ_0524,,,,,E.There is to be a consistent and logical (i.e. name based) access method.,,,,,,,,,,,,,,,
REQ_0525,,,,,F.The database must support both remote access and distributed data.,,,,,,,,,,,,,,,
REQ_0526,,,,The internal (within the IOC) implementation of this database is to be based on EPICS. The implementation within the host workstation is TBD.,,,,,,,,,,,,,,,,
REQ_0527,,,4.2.2 Communication subsystems,,,,,,Context,#subordinate-REQ_0516,,,,,,,,,,
REQ_0528,,,,4.2.2.1 Remote Operations,,,,,Context,#subordinate-REQ_0527,,,,,,,,,,
REQ_0529,,,,,"A fundamental criteria of Gemini telescope operation is that it support a full implementation of remote operations. This includes remote observing, remote control of telescope, enclosure, and instruments, multipoint monitoring, remote monitoring, remote access for testing, development, diagnostics, and maintenance,",,,,,,,,,,,,,,,
REQ_0530,,,,,"It is expected that all operational capability found in on site operations is extended to remote operations, with some degradation in performance resulting from WAN bandwidth considerations. This means the video data signals must be encoded digitally and transferred via the WAN to remote sites.",,,,,,,,,,,,,,,
REQ_0531,,,,,"There must be some form of security to control access to system features, possibly restricting some operations to specific remote sites (e.g. Hale Pohaku or Hilo in Hawaii, Cerro Tololo in Chile, etc.)",,,,,,,,,,,,,,,
REQ_0532,,,4.2.3 Data Specification,,,,,,Context,#subordinate-REQ_0516,,,,,,,,,,
REQ_0533,,,,"The various types of data were presented earlier. This section examines the input, output, and interrelationships of the various data types.",,,,,,,,,,,,,,,,
REQ_0534,,,,4.2.3.1 Data Framework,,,,,Context,#subordinate-REQ_0532,,,,,,,,,,
REQ_0535,,,,,"Final storage locations for the data types is presented here, along with a description of the different databases that are available.",,,,,,,,,,,,,,,
REQ_0536,,,,,,A.The on-line data store holds astronomical data for the current observation.,,,,,,,,,,,,,,
REQ_0537,,,,,,B.Astronomical data are automatically stored onto the Archive medium (external software).,,,,,,,,,,,,,,
REQ_0538,,,,,,C.Star catalogs are available in Astronomical object catalogs (external software).,,,,,,,,,,,,,,
REQ_0539,,,,,,D.Telescope and instrument parameters are distributed in databases across the IOCs for those systems. There is also a central repository maintained by the OCS that holds these databases for down-loading to the IOCs. (developed software),,,,,,,,,,,,,,
REQ_0540,,,,,,"E.All additional data that is not required on line (configuration information, detailed documentation, operation logs, etc.) are stored in a relational DBMS. (supported software).",,,,,,,,,,,,,,
REQ_0541,,,,4.2.3.2 Data inputs,,,,,Context,#subordinate-REQ_0532,,,,,,,,,,
REQ_0542,,,,,"Input data are all data that are predefined at operation start. This includes catalogs, calibrations and flat fields available in archives, etc.",,,,,,,,,,,,,,,
REQ_0543,,,,,Observing commands (whether entered interactively or via the Sequencer) are input data that provide information on the course of operation and trigger events.,,,,,,,,,,,,,,,
REQ_0544,,,,4.2.3.3 Data Output,,,,,Context,#subordinate-REQ_0532,,,,,,,,,,
REQ_0545,,,,,"Replies to commands, including status information, updates to parameters, video and astronomical information are considered data outputs.",,,,,,,,,,,,,,,
REQ_0546,,,,,These data end up in the different databases.,,,,,,,,,,,,,,,
REQ_0547,,,,,"Operational information, such as logging messages, alarms, and errors are special forms of output data, since they are made available for later inspection and debugging.",,,,,,,,,,,,,,,
REQ_0548,,,,4.2.3.4 Inter-function data definitions,,,,,Context,#subordinate-REQ_0532,,,,,,,,,,
REQ_0549,,,,,One criteria is that sufficient information be recorded during an observation to recreate the sequence of events that occurred during the observation. This requires that all input and output data be logged appropriately.,,,,,,,,,,,,,,,
REQ_0550,,,,,"Given an initial set of configuration parameters, the Gemini system operates via a sequence of commands. This operation is complemented by using previously stored data, calibrations, and star catalogs",,,,,,,,,,,,,,,
REQ_0551,,,4.2.4 system operational requirements,,,,,,Context,#subordinate-REQ_0516,,,,,,,,,,
REQ_0552,,,,4.2.4.1 Normal operation,,,,,Context,#subordinate-REQ_0551,,,,,,,,,,
REQ_0553,,,,A.Automatic operation. This is the normal mode of operation. The observation is performed through a preplanned program requiring little or no interaction with the observer.,,,,,,,,,,,,,,,,
REQ_0554,,,,B.Interactive operation. Science planning and program changes are accomplished through interactive operation. Is is possible to enter interactive operation from automatic operation to handle exceptional conditions. This is the normal mode of operation at maintenance and test levels.,,,,,,,,,,,,,,,,
REQ_0555,,,,"C.Modes and control. Normal operation is possible at all operation levels (observing, maintenance, and test) and applies to the following conditions (where appropriate) on any subsystem:",,,,,,,,,,,,,,,,
REQ_0556,,,,,a. Observing,,,,,,,,,,,,,,,
REQ_0557,,,,,b. Stand-by,,,,,,,,,,,,,,,
REQ_0558,,,,,c. Maintenance and testing,,,,,,,,,,,,,,,
REQ_0559,,,,"D.Performance. Overall performance of the Gemini telescope is defined as the percentage of viewable time during which exposures have been taken (i.e. sum of all exposure times over available time for exposures). To improve this performance, all possible concurrencies in system operation should be used. Best use of concurrency occurs when using the Sequencer.",,,,,,,,,,,,,,,,
REQ_0560,,,,E.Start-up and shut-down. There are start-up and shut-down procedures that must exist at many different levels:,,,,,,,,,,,,,,,,
REQ_0561,,,,,"a. Cold start-up, starting the system from scratch (including time to download all software) should take about 5 minutes. This does not include time to start-up the telescope or instruments.",,,,,,,,,,,,,,,
REQ_0562,,,,,"b. Warm start-up, starting from scratch but also excluding software download time should take about 1 minute.",,,,,,,,,,,,,,,
REQ_0563,,,,,"c. Telescope start-up, measured from end of cold or warm start-up should be about 4 minutes.",,,,,,,,,,,,,,,
REQ_0564,,,,,"d. Instrument start-up, measured from end of telescope start-up, should take 2 minutes or less.",,,,,,,,,,,,,,,
REQ_0565,,,,,There must be a way to shut down all subsystems (hardware and software).,,,,,,,,,,,,,,,
REQ_0566,,,,,"All start-ups and shut-downs are to be automatically logged with time stamps, to allow for statistics on system availability.",,,,,,,,,,,,,,,
REQ_0567,,,,F.Logging.,,,,,,,,,,,,,,,,
REQ_0568,,,,,"a. System logging information should include all important events, properly timestamped and indexed. The goal is to be able to recreate the steps in a observation from the system logs.",,,,,,,,,,,,,,,
REQ_0569,,,,G.Engineering Logging,,,,,,,,,,,,,,,,
REQ_0570,,,,,a. It must be possible to log engineering data at up to 200 Hz rates for short periods of time. This data must be available to external software packages for analysis.,,,,,,,,,,,,,,,
REQ_0571,,,,,"b. Long-term logging of engineering data must be possible at slower (1 Hz or less) rates, into a common format (baselined as SYBASE).",,,,,,,,,,,,,,,
REQ_0572,,,,4.2.4.2 operation in failure mode,,,,,Context,#subordinate-REQ_0551,,,,,,,,,,
REQ_0573,,,,,"A.Fault-tolerance and recovery. See Attributes, Section 4.1 on page 4 - 1.",,,,,,,,,,,,,,,
REQ_0574,,,,,"B.Error logging. All errors should be reported using a common, system-wide procedure.",,,,,,,,,,,,,,,
REQ_0575,,,,,,There are three types of errors:,,,,,,,,,,,,,,
REQ_0576,,,,,,,"a. Fatal. Fatal errors occur if there is no acceptable recovery procedure that will allow operation to proceed. Under fatal error conditions, the system falls back to a safe ""backup"" state requiring human intervention for restart.",,,,,,,,,,,,,
REQ_0577,,,,,,,"b. Serious. Under serious errors, the system does not need to move off-line, but the current operation cannot be completed. Serious errors require human intervention to restart full operation.",,,,,,,,,,,,,
REQ_0578,,,,,,,"c. Warning. All other unexpected conditions result in warnings that are properly logged. The system continues operation, though perhaps with reduced efficiency.",,,,,,,,,,,,,
REQ_0579,,,,,,"All subsystems must group errors into these categories. In addition, errors that result in an ""alarm"" should be described, along with the proper action required to acknowledge and eliminate the alarm condition.",,,,,,,,,,,,,,
REQ_0580,,,,,,"Besides the time-stamp, error logging should provide enough information to trace the condition back to its apparent source, both in equipment and in event sequence.",,,,,,,,,,,,,,
REQ_0581,,,,,,"There should be tools available to extract error (and other) logging information by subsystem component, time- sequence, previous events, and so on.",,,,,,,,,,,,,,
REQ_0582,,,,,,"The Gemini Control System formally distinguishes alarms from errors. Errors result from failures to successfully complete commands, while alarms represent asynchronous failures. Note that an error may result in an alarm.",,,,,,,,,,,,,,
REQ_0583,,,,,,"There are two types of alarm conditions. The first are automatically monitored alarms, which exist as long as the errors persist and are then automatically cleared. The second type of alarm require human acknowledgment to clear.",,,,,,,,,,,,,,
REQ_0584,,,,,"C.Recovery. In addition to start-up procedures, there must be well-defined recovery procedures for any subsystem that has become inoperative.",,,,,,,,,,,,,,,
REQ_0585,,,,,,Command retries must be included in the system for most common timeouts or noresponse conditions. These retries should occur automatically in the command handling to avoid unnecessary error conditions.,,,,,,,,,,,,,,
REQ_0586,,,,,D.Performance. The performance of error-mode recovery is specific to the subsystem and is defined in the Functional specification for that subsystem.,,,,,,,,,,,,,,,
REQ_0587,,,,,,"•Normally, there is no recovery possible from a fatal error except to shut-down and then restart the subsystem. However, in the case of an instrument failure, it may be possible to continue operation by rescheduling to use observations that do not require that particular instrument.",,,,,,,,,,,,,,
REQ_0588,,,,,,"•For serious errors, it may be possible to continue operation with degraded performance. For example, failure of automatic tracking may require manual tracking; other errors may result in operation with a different instrument.",,,,,,,,,,,,,,
REQ_0589,,,,,,"•Under normal conditions, the number of warnings should be small. The system should monitor the rate of warning messages since an increase might indicate that some tuning or maintenance is appropriate. Ideally, such conditions should be noted by the subsystems before reaching the OCS level.",,,,,,,,,,,,,,
REQ_0590,,,,,,"•Failure conditions should not cascade. That is, failure of one subsystem should not affect other, working, subsystems, including communication links.",,,,,,,,,,,,,,
REQ_0591,,,4.2.5 standards,,,,,,Context,#subordinate-REQ_0516,,,,,,,,,,
REQ_0592,,,,"Given the size of the Gemini system and its long expected lifetime, it is important that standards are provided for system design and development.",,,,,,,,,,,,,,,,
REQ_0593,,,,4.2.5.1 Software Standards,,,,,Context,#subordinate-REQ_0591,,,,,,,,,,
REQ_0594,,,,,4.2.5.1.1 Software methods,,,,Context,#subordinate-REQ_0593,,,,,,,,,,
REQ_0595,,,,,,All Gemini supported software is to be developed using a formally defined model. The Ward/Mellor approach to developing real-time systems is used and covers:,,,,,,,,,,,,,,
REQ_0596,,,,,,,"A.Analysis, design and development methods",,,,,,,,,,,,,
REQ_0597,,,,,,,B.Review procedures,,,,,,,,,,,,,
REQ_0598,,,,,,,C.Documentation,,,,,,,,,,,,,
REQ_0599,,,,,,,D.Coding and debugging,,,,,,,,,,,,,
REQ_0600,,,,,,,E.Simulation,,,,,,,,,,,,,
REQ_0601,,,,,,,F.Testing and integration,,,,,,,,,,,,,
REQ_0602,,,,,,"Functional analysis is done using a CASE tool suitable for use with Ward/Mellor techniques, such as TSEE, by Westmount Technologies.",,,,,,,,,,,,,,
REQ_0603,,,,,,The design is to use the techniques and diagrams introduced by Ward and Mellor and reviewed by the Gemini staff.,,,,,,,,,,,,,,
REQ_0604,,,,,,"Detailed design and development standards are not specified, but expected to conform to system goals and established practice.",,,,,,,,,,,,,,
REQ_0605,,,,,,An object-oriented approach is encouraged but not required.,,,,,,,,,,,,,,
REQ_0606,,,,,4.2.5.1.2 Operating Systems,,,,Context,#subordinate-REQ_0593,,,,,,,,,,
REQ_0607,,,,,,"The upper levels (User-interface and OCS) are assumed to not require a real-time operating environment. However, the operating environment at these levels is expected to provide sufficient performance for both human interaction and communications.",,,,,,,,,,,,,,
REQ_0608,,,,,,Real-time support is required at the IOC level.,,,,,,,,,,,,,,
REQ_0609,,,,,,A.Development system software. The choice for a development environment is based on the following criteria:,,,,,,,,,,,,,,
REQ_0610,,,,,,,•Productivity and development tools,,,,,,,,,,,,,
REQ_0611,,,,,,,•Software portability and hardware independence,,,,,,,,,,,,,
REQ_0612,,,,,,,•Vendor independence,,,,,,,,,,,,,
REQ_0613,,,,,,,•Industry and de-facto standards,,,,,,,,,,,,,
REQ_0614,,,,,,,•Support for state-of-the-art user interfaces,,,,,,,,,,,,,
REQ_0615,,,,,,,•Support of a distributed environment,,,,,,,,,,,,,
REQ_0616,,,,,,,"Given these criteria, the following recommendations exist.",,,,,,,,,,,,,
REQ_0617,,,,,,,,"a. The development operating system is UNIX System V, Release 4, using only POSIX compliant calls to the operating system. In particular, vendor specific extensions are not permitted. Compliance to POSIX is measured against the book: POSIX Programmer’s Guide - Writing Portable UNIX Programs, by Donald Lewine, O’Reilly & Associates, Inc. 1991.",,,,,,,,,,,,
REQ_0618,,,,,,,,b. Any special needs that cannot be acceptably met by the available operating system calls are to be discussed with the GPO on a case-by-case basis.,,,,,,,,,,,,
REQ_0619,,,,,,,,c. Some packages (such as GUI interfaces and database interfaces) have higher portability requirements that may require the specification of higher level interfaces to the OS.,,,,,,,,,,,,
REQ_0620,,,,,,,,"d. The GUI systems are to use X-windows, version 11, release 5 (X11R5) or release 6 (X11R6). The principle language for developing GUIs is Tcl/Tk.",,,,,,,,,,,,
REQ_0621,,,,,,,,e. The GNU software tool suite should be used where possible.,,,,,,,,,,,,
REQ_0622,,,,,,,,"f. Imake is recommended, with GNU’s autoconfigure utility an acceptable alternative.",,,,,,,,,,,,
REQ_0623,,,,,,,,g. CVS is the recommended version control system.,,,,,,,,,,,,
REQ_0624,,,,,,"B.IOC and cross-development system software. A number of real-time operating systems were examined for compatibility with the goals for the Gemini Project. At the same time, the availability of cross-support development environments was considered.",,,,,,,,,,,,,,
REQ_0625,,,,,,,The recommendations are:,,,,,,,,,,,,,
REQ_0626,,,,,,,,a. The IOCs will use the real-time operating system VxWorks (from Wind River Systems).,,,,,,,,,,,,
REQ_0627,,,,,,,,b. The communication interface between the IOCs and Unix workstations is to be IMP.,,,,,,,,,,,,
REQ_0628,,,,,,,,c. It is assumed that all IOC software is to be developed on Unix workstations in a windowed development environment.,,,,,,,,,,,,
REQ_0629,,,,,,,,d. The cross-compiler to be used for IOC software development is one specified by the Gemini Project. It is the GNU cc compiler as furnished with VxWorks.,,,,,,,,,,,,
REQ_0630,,,,,,,,"e. IOC software development is to be done using a common development environment, as specified in the Software Programming Standards (SPS)",,,,,,,,,,,,
REQ_0631,,,,,,"C.Software below the IOC level. There is likely to be software below the IOC level, but it should not require downloading, except possibly for upgrades, typically being placed into ROM or FLASH memory.",,,,,,,,,,,,,,
REQ_0632,,,,,,,Any access to this embedded software while it is connected to the system is strictly through software in the IOC. From outside the IOC this software appears as part of the electronics.,,,,,,,,,,,,,
REQ_0633,,,,,,,"Although this software is not considered part of the Gemini software, it is obviously an advantage (for maintenance purposes) to have it conform to the requirements of Gemini software.",,,,,,,,,,,,,
REQ_0634,,,,,,"D.Installation system software.. The host workstation operating system is Unix, currently baselined as Solaris 2.3 or above.",,,,,,,,,,,,,,
REQ_0635,,,,,,,"The installed target IOC operating system is VxWorks, with EPICS as the interface.",,,,,,,,,,,,,
REQ_0636,,,,,4.2.5.1.3 Language and coding standards,,,,Context,#subordinate-REQ_0593,,,,,,,,,,
REQ_0637,,,,,,Details of these standards can be found in the Software Programming Standards document.,,,,,,,,,,,,,,
REQ_0638,,,,,4.2.5.1.4 Software configuration and tools,,,,Context,#subordinate-REQ_0593,,,,,,,,,,
REQ_0639,,,,,,These are defined in the Gemini Configuration Control Plan,,,,,,,,,,,,,,
REQ_0640,,,,,4.2.5.1.5 Software communication standards,,,,Context,#subordinate-REQ_0593,,,,,,,,,,
REQ_0641,,,,,,The following recommendations are made:,,,,,,,,,,,,,,
REQ_0642,,,,,,,A.Communication hardware independence is accomplished by using the DARPA TCP/IP communication protocol over LAN's and the WAN.,,,,,,,,,,,,,
REQ_0643,,,,,,,"B.The communication software must support the standard ARPA services (telnet, FTP, SMTP, etc) as well as NFS, RPC, IPC, and the Unix socket interface library.",,,,,,,,,,,,,
REQ_0644,,,,,4.2.5.1.6 Software interfaces,,,,Context,#subordinate-REQ_0593,,,,,,,,,,
REQ_0645,,,,,,The recommendations are:,,,,,,,,,,,,,,
REQ_0646,,,,,,,"A.The software interface between workstation and IOC is to use DRAMA’s IMP protocol for all control communication, using SDS as the command structure..",,,,,,,,,,,,,
REQ_0647,,,,,,,B.Interprocess communication on the host workstations is through the same IMP protocol.,,,,,,,,,,,,,
REQ_0648,,,,,,,C.Communications between real-time components is to based on the EPICS Channel Access protocol.,,,,,,,,,,,,,
REQ_0649,,,,,,,D.Data communications are typically through IMP/SDS.,,,,,,,,,,,,,
REQ_0650,,,,,,,E.Further details of the software interfaces are found in the Software Design Description.,,,,,,,,,,,,,
REQ_0651,,,,,4.2.5.1.7 External software packages,,,,Context,#subordinate-REQ_0593,,,,,,,,,,
REQ_0652,,,,,,"A.Off line Data reduction. The off-line data reduction facility is not considered part of the Gemini software. However, it will be possible to connect such software into the Gemini system if interface routines are developed for connecting to the Gemini system. These interface routines are part of the Gemini software and must conform to the standards given in this document. Packages that might be used for off-line data reduction include ADAM, IRAF, Midas, IDL and Khoros.",,,,,,,,,,,,,,
REQ_0653,,,,,,B.Quick-look analysis will be through PV-Wave/IDL.,,,,,,,,,,,,,,
REQ_0654,,,,,,C.Archiving. All astronomical data are saved into the Archiving system. Data storage and transport for astronomical data will be in FITS format. On-line access to the archiver will be through STARCAT.,,,,,,,,,,,,,,
REQ_0655,,,,,,"D.Star catalogs. The catalogs available on the Gemini system are described in TBD, as are software access requirements. Both on-line and off-line access is done according to STARCAT.",,,,,,,,,,,,,,
REQ_0656,,,,,4.2.5.1.8 Databases,,,,Context,#subordinate-REQ_0593,,,,,,,,,,
REQ_0657,,,,,,Astronomical data are stored both in the Archiving system and in the data storage subsystem.,,,,,,,,,,,,,,
REQ_0658,,,,,,"IOC control databases are distributed across the IOC subsystems, with down-loadable initialization copies available on the Gemini disks.",,,,,,,,,,,,,,
REQ_0659,,,,,,"Configuration, logging, maintenance schedules, and subsystem documentation are to be kept in the commercial relational database.",,,,,,,,,,,,,,
REQ_0660,,,,4.2.5.2 Hardware standards,,,,,Context,#subordinate-REQ_0591,,,,,,,,,,
REQ_0661,,,,,"Only the development systems are considered here. Installed systems are to be chosen later, based on available technology and experiences with the development systems.",,,,,,,,,,,,,,,
REQ_0662,,,,,4.2.5.2.1 Hardware requirements,,,,Context,#subordinate-REQ_0660,,,,,,,,,,
REQ_0663,,,,,,The computer hardware used for development must conform to the following:,,,,,,,,,,,,,,
REQ_0664,,,,,,,"A.Workstations must match specified software standards and present a well-designed development environment, including cross-support for VxWorks development, if needed.",,,,,,,,,,,,,
REQ_0665,,,,,,,"B.Workstations are expected to be state-of-the-art systems (CPU, communications support) in a scaleable family. This allows the migration of development systems to advancing technology.",,,,,,,,,,,,,
REQ_0666,,,,,,,C.It is assumed that workstations support Ethernet IEEE-802.3 and FDDI interfaces for communications.,,,,,,,,,,,,,
REQ_0667,,,,,,,D.Internal data formats must be compatible across workstations used for development.,,,,,,,,,,,,,
REQ_0668,,,,,,,E.SCSI-interface peripherals are to be available.,,,,,,,,,,,,,
REQ_0669,,,,,,,"F.Reliability, manufacturer support, and upgrade capability of the development systems will be considered when selecting the final target systems.",,,,,,,,,,,,,
REQ_0670,,,,,4.2.5.2.2 Development computers,,,,Context,#subordinate-REQ_0660,,,,,,,,,,
REQ_0671,,,,,,The following recommendations are made:,,,,,,,,,,,,,,
REQ_0672,,,,,,,A.Workstations.,,,,,,,,,,,,,
REQ_0673,,,,,,,,"1. Where Gemini is providing the computer equipment as part of a contractual agreement, the developmental workstations are to be SUN SPARC-10 (model 41) or SPARC Classic with 64MB of dynamic memory.",,,,,,,,,,,,
REQ_0674,,,,,,,,"2. Internal Gemini software development is done in a multi-platform environment, enabling final selection of target machines to be made based on experiences with development equipment.",,,,,,,,,,,,
REQ_0675,,,,,,,B.Peripherals,,,,,,,,,,,,,
REQ_0676,,,,,,,,1. Workstations are to have at least 2GB of disk.,,,,,,,,,,,,
REQ_0677,,,,,,,,"2. DDS DAT cartridges are to be available for data acquisition on development systems, backups, and possibly for software transport (Internet is the preferred means of transport).",,,,,,,,,,,,
REQ_0678,,,,,,,,3. A CD-ROM is needed for SUN OS and software upgrades.,,,,,,,,,,,,
REQ_0679,,,,,,,,4. Any compression on a transport medium is to be done using a standard commonly available algorithm and archives are to be in tar format,,,,,,,,,,,,
REQ_0680,,,,,,,C.IOCs.,,,,,,,,,,,,,
REQ_0681,,,,,,,,"1. Where Gemini is providing the IOC CPU as part of a contractual agreement, the development systems are to be Motorola MVME-167B (68040@33MHz) with at least 16MB of dynamic memory.",,,,,,,,,,,,
REQ_0682,,,,,,,,2. The IOC computer cards for development work are defined in the ICS work package description.,,,,,,,,,,,,
REQ_0683,,,,,,,,"3. The target IOC computer cards are not to be established until as late as possible, to take advantage of technology advances while staying compatible with the development systems. A baseline system is included as part of the ICS work package.",,,,,,,,,,,,
REQ_0684,,,,,4.2.5.2.3 Electronics Hardware Interface,,,,Context,#subordinate-REQ_0660,,,,,,,,,,
REQ_0685,,,,,,"All accesses to the control electronics hardware will be through VME IOC's, using the EPICS software. No other control interfaces are permitted.",,,,,,,,,,,,,,
REQ_0686,,,,4.2.5.3 Sub-network,,,,,Context,#subordinate-REQ_0591,,,,,,,,,,
REQ_0687,,,,,There are places in the Gemini system where software exists below the IOC level that is interfaced to IOC software. The standards for this interface is not part of this specification. The use of this software is to be explained and discussed on a case-by-case basis.,,,,,,,,,,,,,,,
REQ_0688,,,,,"In cases where there is a distributed network of target microprocessors involved at this level, it is appropriate to provide a standard sub-network. This type of Fieldbus is to be implemented using an ALAN/BRADLEY bus, ProfiBus, or other approved Fieldbus.",,,,,,,,,,,,,,,
REQ_0689,,,,,In cases where there is a distributed set of commercial equipment to be controlled the recommended method is to use an ALAN/BRADLEY system to control the equipment manually and interface to it using RS-422 or similar connection to an IOC,,,,,,,,,,,,,,,
REQ_0690,,,,4.2.5.4 Communication Hardware,,,,,Context,#subordinate-REQ_0591,,,,,,,,,,
REQ_0691,,,,,All communication hardware must meet the data flow requirements and software protocols defined in this document. The following recommendations are based on currently available technology. It is entirely appropriate that changes will be made to take advantages of changes to that technology.,,,,,,,,,,,,,,,
REQ_0692,,,,,,A.The control LAN is based on Ethernet IEEE 802.3.,,,,,,,,,,,,,,
REQ_0693,,,,,,B.The Time distribution systems are described in the Software Design Description..,,,,,,,,,,,,,,
REQ_0694,,,,,,"C.The detector LAN is also based on Ethernet, at least for the development systems. A solution meeting the performance requirements of the final system is to be decided later.",,,,,,,,,,,,,,
REQ_0695,,,,,,D.The backbone LAN cannot be Ethernet because of bandwidth requirements. A FDDI system is recommended for the backbone LAN.,,,,,,,,,,,,,,
REQ_0696,,,,,,E.Cabling of LANs is shown in Figure 4 - 1. Also shown are cabling requirements to the base facility. Requirements for cabling are given in the Electronic Design Specification.,,,,,,,,,,,,,,
REQ_0697,,,,,,F.Interlock connections must be provided for all critical subsystems. The software interface to the interlock system is defined in the Instrument Control System Infrastructure Work Package Definition.,,,,,,,,,,,,,,
REQ_0698,,,,,,"G.Routers, gateways, etc. are defined in the Electronic Design Specification. Their logical placements are shown in Figure 4 - 1, above.",,,,,,,,,,,,,,
REQ_0699,,,,,,"H.Links to the WAN are defined in the Electronic Design Specification and shown in Figure 4 - 1, above. There is a requirement of at least one dedicated link of a T1 bandwidth for remote support, development and testing.",,,,,,,,,,,,,,
REQ_0700,,,,4.2.5.5 Re-Use of exixting software,,,,,Context,#subordinate-REQ_0591,,,,,,,,,,
REQ_0701,,,,,"Wherever possible, Gemini software is to take advantage of existing software. However, all existing software is to be evaluated in terms of the specifications given here. This helps reduce life-cycle costs and maintenance efforts",,,,"Context,Action",#subordinate-REQ_0700,,,,,,,,,,
REQ_0702,,,4.2.6 Life cycle constraints,,,,,,Context,#subordinate-REQ_0516,,,,,,,,,,
REQ_0703,,,,Life cycle constraints are discussed in the Gemini Software Management Plan.,,,,,Context,#subordinate-REQ_0702,~- out of context reference,,,,,,,,,
REQ_0704,,4.3 User Requirements for EPICS developers,,,,,,,Context,#subordinate-REQ_0501,,,,,,,,,,
REQ_0705,,,The Experimental Physics and Industrial Control System (EPICS) toolkit is the foundation of the Gemini control system. EPICS was originally developed at the Los Alamos and Argonne National Laboratories for use in large accelerator control and diagnostics systems. It is now an established standard within the international High Energy Physics community and is gaining acceptance amongst astronomical sites.,,,,,,Context,#subordinate-REQ_0704,,,,,,,,,,
REQ_0706,,,"Within the EPICS community there is understood to be an informal distinction between two classes of developers, labeled ‘Internals’ and ‘Applications’. Although these definitions are nowhere written down, this understanding serves as the basis for many discussions with the community and for the nature of training classes.",,,,,,Context,#subordinate-REQ_0704,,,,,,,,,,
REQ_0707,,,4.3.1 EPICS components,,,,,,Context,#subordinate-REQ_0704,,,,,,,,,,
REQ_0708,,,,EPICS consists of a set of hardware and software components from which a control system can be created.,,,,,"Context,Elobaration",#subordinate-REQ_0707,,,,,,,,,,
REQ_0709,,,,4.3.1.1 Hardware Components,,,,,Context,#subordinate-REQ_0707,,,,,,,,,,
REQ_0710,,,,,• OPI Operator Interface.,,,,Context,#subordinate-REQ_0709,,,,,,,,,,
REQ_0711,,,,,,This is a UNIX based workstation which can run various EPICS tools.,,,Elobaration,#subordinate-REQ_0710,,,,,,,,,,
REQ_0712,,,,,• IOC Input Output Controller.,,,,Context,#subordinate-REQ_0709,,,,,,,,,,
REQ_0713,,,,,,"This is VME/VXI based chassis containing a Motorola 68xxx processor, various I/O modules, and VME modules that provide access to other I/O buses such as GPIB.",,,"Context,Elobaration",#subordinate-REQ_0712,,,,,,,,,,
REQ_0714,,,,,• LAN Local area network.,,,,Context,#subordinate-REQ_0709,,,,,,,,,,
REQ_0715,,,,,,"This is the communication network which allows the IOCs and OPIs to communicate. EPICS provides a software component, Channel Access, which provides network transparent communication between a Channel Access client and an arbitrary number of Channel Access servers.",,,"Context,Action",#subordinate-REQ_0714,,,,,,,,,,
REQ_0716,,,,4.3.1.2 Software components,,,,,Context,#subordinate-REQ_0707,,,,,,,,,,
REQ_0717,,,,,4.3.1.2.1 IOC software,,,,Context,#subordinate-REQ_0716,,,,,,,,,,
REQ_0718,,,,,,Database,,,Context,#subordinate-REQ_0717,,,,,,,,,,
REQ_0719,,,,,,,"The heart of an IOC is a memory resident database together with various memory resident structures describing the contents of the database. EPICS supports a large and extensible set of record types, e.g. ai (Analog Input), ao (Analog Output), etc.",,"Elobaration,Action",#subordinate-REQ_0717#parallel-REQ_0720#parallel-REQ_721,,,,,,,,,,
REQ_0720,,,,,,,"Each record type has a fixed set of fields. Some fields are common to all record types and others are specific to particular record types. Every record has a record name and every field has a field name. The first field of every database record holds the record name, which must be unique across all IOCs attached to the same TCP/IP subnet.",,"Action,Constraint",#subordinate-REQ_0717#parallel-REQ_0719#parallel-REQ_721,,,,,,,,,,
REQ_0721,,,,,,,"A number of data structures are provided so that the database can be accessed efficiently. Most software components, because they access the database via database access routines, do not need to be aware of these structures.",,"Action,Context",#subordinate-REQ_0717#parallel-REQ_0719#parallel-REQ_722,,,,,,,,,,
REQ_0722,,,,,,Database Access,,,Context,#subordinate-REQ_0717,,,,,,,,,,
REQ_0723,,,,,,,"With the exception of record and device support, all access to the database is via the channel or database access routines.",,Constraint,#subordinate-REQ_0717,,,,,,,,,,
REQ_0724,,,,,,Database Scanning,,,Constraint,#subordinate-REQ_0717,,,,,,,,,,
REQ_0725,,,,,,,"Database scanning is the mechanism for deciding when to process a record. Four types of scanning are possible: Periodic, Event, I/O Event, and Passive.",,"Context,Elobaration",#subordinate-REQ_0717,,,,,,,,,,
REQ_0726,,,,,,Periodic: A request can be made to process a record periodically. A number of time intervals are supported.,,,"Action,Context",#subordinate-REQ_0717,,,,,,,,,,
REQ_0727,,,,,,Event: Event scanning is based on the posting of an event by any IOC software component. The actual subroutine call is: post_event(event_num),,,"Action,Condition",#subordinate-REQ_0717,,,,,,,,,,
REQ_0728,,,,,,I/O Event: The I/O event scanning system processes records based on external interrupts. An IOC device driver interrupt routine must be available to accept the external interrupts.,,,"Action,Condition",#subordinate-REQ_0717,,,,,,,,,,
REQ_0729,,,,,,Passive: Passive records are processed as a result of linked records being processed or as a result of external changes such as channel access puts.,,,"Condition,Consequence",#subordinate-REQ_0717,,,,,,,,,,
REQ_0730,,,,,,"Record Support, Device Support, and Device Drivers",,,Context,#subordinate-REQ_0717,,,,,,,,,,
REQ_0731,,,,,,"In order to remove record specific knowledge from database access, each record type has an associated record support module. Similarly, in order to remove device specific knowledge from record support, each record type can have a set of device support modules. If the method of accessing hardware is complicated, a device driver can be provided to shield the device support modules. Many record types, in particular all types not associated with hardware, do not have device support or drivers.",,,"Action,Condition,Context",#subordinate-REQ_0717,,,,,,,,,,
REQ_0732,,,,,,The IOC software is designed so that the database access layer knows nothing about the record support layer other than how to call it. The record support layer in turn knows nothing about it’s device support layer other than how to call it. Similarly the only thing a device support layer knows about it’s associated driver is how to call it. This design allows,,,Context,#subordinate-REQ_0717,,,,,,,,,,
REQ_0733,,,,,,"a particular installation and even a particular IOC within an installation to choose the set of record types, device types, and drivers it wishes to use. The remainder of the IOC system software is unaffected.",,,Context,#subordinate-REQ_0717,,,,,,,,,,
REQ_0734,,,,,,Every record support module must provide a record processing routine. It is this routine that is called by the database scanners. Record processing consists of some combination of a standard set of functions.,,,"Action,Context",#subordinate-REQ_0717,,,,,,,,,,
REQ_0735,,,,,,Database Monitors,,,Context,#subordinate-REQ_0717,,,,,,,,,,
REQ_0736,,,,,,"The routines described in this section provide a callback mechanism for database value changes. This allows the caller to be notified when database values change without constantly polling the database. A mask can be set to specify value changes, alarm state changes, and/or archive changes.",,,Context,#subordinate-REQ_0717,,,,,,,,,,
REQ_0737,,,,,,"At the present time only channel access uses database monitors. No other software should use the database monitors. Because they are of interest only to channel access, the monitor routines will not be described.",,,"Constraint,Context",#subordinate-REQ_0717,,,,,,,,,,
REQ_0738,,,,,4.3.1.2.2 Channel Access,,,,Context,#subordinate-REQ_0716,,,,,,,,,,
REQ_0739,,,,,,Channel access provides network transparent access to IOC databases. It is based on a client-server model. Each IOC provides a channel access server which is willing to establish communication with an arbitrary number of clients. Channel access client services are available on both OPIs and IOCs. A client can communicate with an arbitrary number of servers.,,,"Action,Constraint",#subordinate-REQ_0738,,,,,,,,,,
REQ_0740,,,,,,It should be noted that channel access does not provide access to database records as records. This is a deliberate design decision. This allows new record types to be added without impacting any software that accesses the database via channel access. A channel access client can communicate with multiple IOCs having differing sets of record types.,,,"Action,Constraint,Context",#subordinate-REQ_0738,,,,,,,,,,
REQ_0741,,,,,4.3.1.2.3 OPI Tools,,,,Context,#subordinate-REQ_0716,,,,,,,,,,
REQ_0742,,,,,,"EPICS provides a number of OPI based tools. These can be divided into two groups based on whether or not they use channel access. Channel access tools are real time tools, i.e. they are used to monitor and control IOCs.",,,Context,#subordinate-REQ_0741,,,,,,,,,,
REQ_0743,,,,,,Channel Access Tools,,,Context,#subordinate-REQ_0741,,,,,,,,,,
REQ_0744,,,,,,,• MEDM,,Context,#subordinate-REQ_0741,,,,,,,,,,
REQ_0745,,,,,,,,Motif version of combined display manager and display editor.,Elaboration,#subordinate-REQ_0744,,,,,,,,,,
REQ_0746,,,,,,,• DM Display Manager.,,Context,#subordinate-REQ_0741,,,,,,,,,,
REQ_0747,,,,,,,,"This tool reads one or more display list files created by EDD, establishes communication with all necessary IOCs, establishes monitors on process variables, accepts operator control requests, and updates the display to reflect all changes.",Elaboration,#subordinate-REQ_0746,,,,,,,,,,
REQ_0748,,,,,,,• ALH Alarm Handler.,,Context,#subordinate-REQ_0741,,,,,,,,,,
REQ_0749,,,,,,,,This is a general purpose alarm handler driven by an alarm configuration file.,Elaboration,#subordinate-REQ_0748,,,,,,,,,,
REQ_0750,,,,,,,• AR Archiver.,,Context,#subordinate-REQ_0741,,,,,,,,,,
REQ_0751,,,,,,,,This is a general purpose tool to acquire and save data from IOCs.,Elaboration,#subordinate-REQ_0750,,,,,,,,,,
REQ_0752,,,,,,,• Sequencer,,Context,#subordinate-REQ_0741,,,,,,,,,,
REQ_0753,,,,,,,,A tool which runs in an IOC or OPI and emulates a finite state machine.,Elaboration,#subordinate-REQ_0752,,,,,,,,,,
REQ_0754,,,,,,,• Other OPI CA clients,,Context,#subordinate-REQ_0741,,,,,,,,,,
REQ_0755,,,,,,,,"It is possible to interface preexisting software systems to the channel access library. This has been done for several commercial packages including IDL/PvWave, Mathematica, and WINGZ to allow access and manipulation of EPICS process variables by these applications.",Elaboration,#subordinate-REQ_0754,,,,,,,,,,
REQ_0756,,,,,,Other OPI Tools,,,Context,#subordinate-REQ_0741,,,,,,,,,,
REQ_0757,,,,,,,• DCT Database Configuration Tool.,,Context,#subordinate-REQ_0741,,,,,,,,,,
REQ_0758,,,,,,,,This tool is used to create a run time database for an IOC,Elaboration,#subordinate-REQ_0757,,,,,,,,,,
REQ_0759,,,,,,,• CAPFAST and GDCT Graphical Database Configuration Tools,,Context,#subordinate-REQ_0741,,,,,,,,,,
REQ_0760,,,,,,,,These tools are used to create a run time database for an IOC,Elaboration,#subordinate-REQ_0759,,,,,,,,,,
REQ_0761,,,,,,,• EDD Display Editor.,,Context,#subordinate-REQ_0741,,,,,,,,,,
REQ_0762,,,,,,,,"This tool is used to create a display list file for the Display Manager. A display list file contains a list of static, monitor, and control elements. Each monitor and control element has an associated process variable.",Elaboration,#subordinate-REQ_0761,,,,,,,,,,
REQ_0763,,,,,,,• SNC State Notation Compiler.,,Context,#subordinate-REQ_0741,,,,,,,,,,
REQ_0764,,,,,,,,It generates a C program that represents the states for the IOC or OPI Sequencer tool.,Elaboration,#subordinate-REQ_0763,,,,,,,,,,
REQ_0765,,,,,,,• Build Tools,,Context,#subordinate-REQ_0741,,,,,,,,,,
REQ_0766,,,,,,,,Tools are available to create the various database components from ASCII definition files.,Elaboration,#subordinate-REQ_0765,,,,,,,,,,
REQ_0767,,,,,,,• Source/Release,,Context,#subordinate-REQ_0741,,,,,,,,,,
REQ_0768,,,,,,,,EPICS provides a Source/Release mechanism for managing EPICS.,Elaboration,#subordinate-REQ_0767,,,,,,,,,,
REQ_0769,,,,,4.3.1.2.4 EPICS Core software,,,,Context,#subordinate-REQ_0716,,,,,,,,,,
REQ_0770,,,,,,"EPICS consists of a set of core software and a set of optional components. The core software, i.e. the components of EPICS without which EPICS would not function, are:",,,"Context,Condition",#subordinate-REQ_0769,,,,,,,,,,
REQ_0771,,,,,,,• Channel Access - Client and Server software,,Elaboration,#subordinate-REQ_0769,,,,,,,,,,
REQ_0772,,,,,,,• Database,,Elaboration,#subordinate-REQ_0769,,,,,,,,,,
REQ_0773,,,,,,,• Scanners,,Elaboration,#subordinate-REQ_0769,,,,,,,,,,
REQ_0774,,,,,,,• Monitors,,Elaboration,#subordinate-REQ_0769,,,,,,,,,,
REQ_0775,,,,,,,• DCT,,Elaboration,#subordinate-REQ_0769,,,,,,,,,,
REQ_0776,,,,,,,• Build Tools,,Elaboration,#subordinate-REQ_0769,,,,,,,,,,
REQ_0777,,,,,,,• Source/Release,,Elaboration,#subordinate-REQ_0769,,,,,,,,,,
REQ_0778,,,,,,"All other software components are optional. Of course any application developer would be crazy to ignore tools such as MEDM (or EDD/DM). Likewise an application developer would not start from scratch developing record and device support. Most OPI tools do not, however, have to be used. Likewise any given record support module, device support module, or driver could be deleted from a particular IOC and EPICS will still function.",,,Context,#subordinate-REQ_0769,,,,,,,,,,
